point_id,material,source_id,source_citation,orientation_deg,ef,uts_MPa,laser_power_W,scan_speed_mm_s,layer_height_um,heat_treatment,extraction_method,figure_ref,notes
v12_Ti64_0,Ti64,v12_original,"v12 calibration set (primary 9-point protocol of this work, simulation/src/materials.py EXPERIMENTAL). Underlying literature: Carroll et al. 2015 (Ti-6Al-4V, doi:10.1016/j.actamat.2014.10.054); Wang et al., Metals 14 (2024) 130 (Ti-6Al-4V); Jaskari et al., Materials 14 (2021) 5809 (316L); Wu et al., Sci. Rep. 13 (2023) 14681 (AlSi10Mg).",0,0.08,1150,NA,NA,NA,as-built,v12_protocol_unmodified,materials.py EXPERIMENTAL / Table tab:experimental,"AUTHORITATIVE v12 value - reproduced verbatim, not modified. v12 is a compiled representative dataset (central values of reported literature ranges), not a single tabulated measurement set; no single process window is defined for it. Orientation follows the model convention 0 deg = axis parallel to BD."
v12_Ti64_45,Ti64,v12_original,"v12 calibration set (primary 9-point protocol of this work, simulation/src/materials.py EXPERIMENTAL). Underlying literature: Carroll et al. 2015 (Ti-6Al-4V, doi:10.1016/j.actamat.2014.10.054); Wang et al., Metals 14 (2024) 130 (Ti-6Al-4V); Jaskari et al., Materials 14 (2021) 5809 (316L); Wu et al., Sci. Rep. 13 (2023) 14681 (AlSi10Mg).",45,0.063,1100,NA,NA,NA,as-built,v12_protocol_unmodified,materials.py EXPERIMENTAL / Table tab:experimental,"AUTHORITATIVE v12 value - reproduced verbatim, not modified. v12 is a compiled representative dataset (central values of reported literature ranges), not a single tabulated measurement set; no single process window is defined for it. Orientation follows the model convention 0 deg = axis parallel to BD."
v12_Ti64_90,Ti64,v12_original,"v12 calibration set (primary 9-point protocol of this work, simulation/src/materials.py EXPERIMENTAL). Underlying literature: Carroll et al. 2015 (Ti-6Al-4V, doi:10.1016/j.actamat.2014.10.054); Wang et al., Metals 14 (2024) 130 (Ti-6Al-4V); Jaskari et al., Materials 14 (2021) 5809 (316L); Wu et al., Sci. Rep. 13 (2023) 14681 (AlSi10Mg).",90,0.048,1050,NA,NA,NA,as-built,v12_protocol_unmodified,materials.py EXPERIMENTAL / Table tab:experimental,"AUTHORITATIVE v12 value - reproduced verbatim, not modified. v12 is a compiled representative dataset (central values of reported literature ranges), not a single tabulated measurement set; no single process window is defined for it. Orientation follows the model convention 0 deg = axis parallel to BD."
v12_316L_0,316L,v12_original,"v12 calibration set (primary 9-point protocol of this work, simulation/src/materials.py EXPERIMENTAL). Underlying literature: Carroll et al. 2015 (Ti-6Al-4V, doi:10.1016/j.actamat.2014.10.054); Wang et al., Metals 14 (2024) 130 (Ti-6Al-4V); Jaskari et al., Materials 14 (2021) 5809 (316L); Wu et al., Sci. Rep. 13 (2023) 14681 (AlSi10Mg).",0,0.37,680,NA,NA,NA,as-built,v12_protocol_unmodified,materials.py EXPERIMENTAL / Table tab:experimental,"AUTHORITATIVE v12 value - reproduced verbatim, not modified. v12 is a compiled representative dataset (central values of reported literature ranges), not a single tabulated measurement set; no single process window is defined for it. Orientation follows the model convention 0 deg = axis parallel to BD."
v12_316L_45,316L,v12_original,"v12 calibration set (primary 9-point protocol of this work, simulation/src/materials.py EXPERIMENTAL). Underlying literature: Carroll et al. 2015 (Ti-6Al-4V, doi:10.1016/j.actamat.2014.10.054); Wang et al., Metals 14 (2024) 130 (Ti-6Al-4V); Jaskari et al., Materials 14 (2021) 5809 (316L); Wu et al., Sci. Rep. 13 (2023) 14681 (AlSi10Mg).",45,0.31,640,NA,NA,NA,as-built,v12_protocol_unmodified,materials.py EXPERIMENTAL / Table tab:experimental,"AUTHORITATIVE v12 value - reproduced verbatim, not modified. v12 is a compiled representative dataset (central values of reported literature ranges), not a single tabulated measurement set; no single process window is defined for it. Orientation follows the model convention 0 deg = axis parallel to BD."
v12_316L_90,316L,v12_original,"v12 calibration set (primary 9-point protocol of this work, simulation/src/materials.py EXPERIMENTAL). Underlying literature: Carroll et al. 2015 (Ti-6Al-4V, doi:10.1016/j.actamat.2014.10.054); Wang et al., Metals 14 (2024) 130 (Ti-6Al-4V); Jaskari et al., Materials 14 (2021) 5809 (316L); Wu et al., Sci. Rep. 13 (2023) 14681 (AlSi10Mg).",90,0.255,595,NA,NA,NA,as-built,v12_protocol_unmodified,materials.py EXPERIMENTAL / Table tab:experimental,"AUTHORITATIVE v12 value - reproduced verbatim, not modified. v12 is a compiled representative dataset (central values of reported literature ranges), not a single tabulated measurement set; no single process window is defined for it. Orientation follows the model convention 0 deg = axis parallel to BD."
v12_AlSi10Mg_0,AlSi10Mg,v12_original,"v12 calibration set (primary 9-point protocol of this work, simulation/src/materials.py EXPERIMENTAL). Underlying literature: Carroll et al. 2015 (Ti-6Al-4V, doi:10.1016/j.actamat.2014.10.054); Wang et al., Metals 14 (2024) 130 (Ti-6Al-4V); Jaskari et al., Materials 14 (2021) 5809 (316L); Wu et al., Sci. Rep. 13 (2023) 14681 (AlSi10Mg).",0,0.056,440,NA,NA,NA,as-built,v12_protocol_unmodified,materials.py EXPERIMENTAL / Table tab:experimental,"AUTHORITATIVE v12 value - reproduced verbatim, not modified. v12 is a compiled representative dataset (central values of reported literature ranges), not a single tabulated measurement set; no single process window is defined for it. Orientation follows the model convention 0 deg = axis parallel to BD."
v12_AlSi10Mg_45,AlSi10Mg,v12_original,"v12 calibration set (primary 9-point protocol of this work, simulation/src/materials.py EXPERIMENTAL). Underlying literature: Carroll et al. 2015 (Ti-6Al-4V, doi:10.1016/j.actamat.2014.10.054); Wang et al., Metals 14 (2024) 130 (Ti-6Al-4V); Jaskari et al., Materials 14 (2021) 5809 (316L); Wu et al., Sci. Rep. 13 (2023) 14681 (AlSi10Mg).",45,0.047,410,NA,NA,NA,as-built,v12_protocol_unmodified,materials.py EXPERIMENTAL / Table tab:experimental,"AUTHORITATIVE v12 value - reproduced verbatim, not modified. v12 is a compiled representative dataset (central values of reported literature ranges), not a single tabulated measurement set; no single process window is defined for it. Orientation follows the model convention 0 deg = axis parallel to BD."
v12_AlSi10Mg_90,AlSi10Mg,v12_original,"v12 calibration set (primary 9-point protocol of this work, simulation/src/materials.py EXPERIMENTAL). Underlying literature: Carroll et al. 2015 (Ti-6Al-4V, doi:10.1016/j.actamat.2014.10.054); Wang et al., Metals 14 (2024) 130 (Ti-6Al-4V); Jaskari et al., Materials 14 (2021) 5809 (316L); Wu et al., Sci. Rep. 13 (2023) 14681 (AlSi10Mg).",90,0.037,375,NA,NA,NA,as-built,v12_protocol_unmodified,materials.py EXPERIMENTAL / Table tab:experimental,"AUTHORITATIVE v12 value - reproduced verbatim, not modified. v12 is a compiled representative dataset (central values of reported literature ranges), not a single tabulated measurement set; no single process window is defined for it. Orientation follows the model convention 0 deg = axis parallel to BD."
sun2024_Ti64_0,Ti64,sun2024adem,"Sun, S.; Delp, A.; Zhang, D.; Palanisamy, S.; Liu, Q.; Schmidt, M.; Dargusch, M.S. Effect of sample-build orientation on the tensile deformation and properties of Ti6Al4V processed by laser powder bed fusion. Advanced Engineering Materials 2024, 26, 2400942. doi:10.1002/adem.202400942",0,0.0934,1165,175,710,30,as-built,table (ef) + figure_pixel (UTS),"Table 7 (ef, specimen Z); Fig 10b (UTS)","Z/X specimen codes follow ASTM orientation nomenclature and are defined by the build direction in the source, so no build-plate angle conversion is needed: Z (vertically built) = axis parallel to BD = model 0 deg; X (horizontally built) = 90 deg. ef = total strain at fracture from Table 7. Table 7: Z 9.34 +/- 0.67%, Z45 5.33 +/- 0.74%, X 7.89 +/- 0.56%. UTS by pixel extraction from Fig 10b bars (y-axis 800-1400 MPa calibrated on the dashed gridlines, 116.5 px per 100 MPa, bottom axis at 800 MPa; bar top read by maximum horizontal run spanning >=70% of bar width): Z 1165, Z45 1299, X 1186 MPa, agreeing within +/-7 MPa with the visual read and with the ranking Z45>X>Z stated in the source abstract. Source direction trend: ductility Z > X > Z45 (V-shaped); differs in shape from the v12 monotonic trend."
sun2024_Ti64_45,Ti64,sun2024adem,"Sun, S.; Delp, A.; Zhang, D.; Palanisamy, S.; Liu, Q.; Schmidt, M.; Dargusch, M.S. Effect of sample-build orientation on the tensile deformation and properties of Ti6Al4V processed by laser powder bed fusion. Advanced Engineering Materials 2024, 26, 2400942. doi:10.1002/adem.202400942",45,0.0533,1299,175,710,30,as-built,table (ef) + figure_pixel (UTS),"Table 7 (ef, specimen Z45); Fig 10b (UTS)","Z/X specimen codes follow ASTM orientation nomenclature and are defined by the build direction in the source, so no build-plate angle conversion is needed: Z (vertically built) = axis parallel to BD = model 0 deg; X (horizontally built) = 90 deg. ef = total strain at fracture from Table 7. FLAGGED: UTS 1299 MPa lies ABOVE the nominal band adopted for Ti-6Al-4V in this task (900-1200 MPa). Retained rather than dropped because the source explicitly reports the diagonally built sample as the strongest and this is a directly tabulated/pixel-measured value; treat as an out-of-band but genuine measurement, or exclude for nominal-band CV."
sun2024_Ti64_90,Ti64,sun2024adem,"Sun, S.; Delp, A.; Zhang, D.; Palanisamy, S.; Liu, Q.; Schmidt, M.; Dargusch, M.S. Effect of sample-build orientation on the tensile deformation and properties of Ti6Al4V processed by laser powder bed fusion. Advanced Engineering Materials 2024, 26, 2400942. doi:10.1002/adem.202400942",90,0.0789,1186,175,710,30,as-built,table (ef) + figure_pixel (UTS),"Table 7 (ef, specimen X); Fig 10b (UTS)","Z/X specimen codes follow ASTM orientation nomenclature and are defined by the build direction in the source, so no build-plate angle conversion is needed: Z (vertically built) = axis parallel to BD = model 0 deg; X (horizontally built) = 90 deg. ef = total strain at fracture from Table 7. ef 7.89 +/- 0.56% (X). UTS 1186 MPa (pixel extraction), just inside the nominal band."
hitzler2017_316L_90,316L,hitzler2017materials,"Hitzler, L.; Hirsch, J.; Heine, B.; Merkel, M.; Hall, W.; Oechsner, A. On the Anisotropic Mechanical Properties of Selective Laser-Melted Stainless Steel. Materials 2017, 10(10), 1136. doi:10.3390/ma10101136",90,0.3324,634.43,200,800,30,as-built (build platform preheated to 200 C),table,"Table 6, configuration (a): Phi=0, Theta=0","Source reports a polar angle Phi measured from the xy (build-plate) PLANE, so Phi = 0 deg means the specimen axis lies in the build plate, i.e. PERPENDICULAR to the build direction (= model 90 deg), and Phi = 90 deg means the axis is parallel to the build direction (= model 0 deg). Conversion applied. Values are the as-built mean +/- STDEV over the specimens of that configuration (Table 6). Config (a): elongation at failure 33.24 +/- 0.57%, UTS 634.43 +/- 7.39 MPa, YS 460.42, E 188.94 GPa. Only configurations with azimuth Theta = 0 are used, so that the polar-angle trend is not confounded by the azimuth dependence."
hitzler2017_316L_45,316L,hitzler2017materials,"Hitzler, L.; Hirsch, J.; Heine, B.; Merkel, M.; Hall, W.; Oechsner, A. On the Anisotropic Mechanical Properties of Selective Laser-Melted Stainless Steel. Materials 2017, 10(10), 1136. doi:10.3390/ma10101136",45,0.3256,698.98,200,800,30,as-built (build platform preheated to 200 C),table,"Table 6, configuration (d): Phi=45, Theta=0","Source reports a polar angle Phi measured from the xy (build-plate) PLANE, so Phi = 0 deg means the specimen axis lies in the build plate, i.e. PERPENDICULAR to the build direction (= model 90 deg), and Phi = 90 deg means the axis is parallel to the build direction (= model 0 deg). Conversion applied. Values are the as-built mean +/- STDEV over the specimens of that configuration (Table 6). Config (d): elongation at failure 32.56 +/- 0.71%, UTS 698.98 +/- 4.23 MPa, YS 499.32. UTS maximum at Phi = 45 deg, as stated by the source."
hitzler2017_316L_0,316L,hitzler2017materials,"Hitzler, L.; Hirsch, J.; Heine, B.; Merkel, M.; Hall, W.; Oechsner, A. On the Anisotropic Mechanical Properties of Selective Laser-Melted Stainless Steel. Materials 2017, 10(10), 1136. doi:10.3390/ma10101136",0,0.1176,511.99,200,800,30,as-built (build platform preheated to 200 C),table,"Table 6, configuration (f): Phi=90, Theta=0","Source reports a polar angle Phi measured from the xy (build-plate) PLANE, so Phi = 0 deg means the specimen axis lies in the build plate, i.e. PERPENDICULAR to the build direction (= model 90 deg), and Phi = 90 deg means the axis is parallel to the build direction (= model 0 deg). Conversion applied. Values are the as-built mean +/- STDEV over the specimens of that configuration (Table 6). Config (f): elongation at failure 11.76 +/- 1.24%, UTS 511.99 +/- 39.28 MPa, YS 416.77; lowest at Phi = 90 deg. FLAGGED: UTS 511.99 MPa lies BELOW the nominal 316L band (550-750 MPa); retained as a directly tabulated value (the source notes the surface orientation as the cause). Specimens are MILLED to final geometry (0.4 mm machining allowance), so surfaces are not as-built. Configs (a)-(b) and (c)-(g) are from two melt batches with slightly different measured chemistry (Table 3)."
awd2018_AlSi10Mg_90,AlSi10Mg,awd2018metals,"Awd, M.; Stern, F.; Kampmann, A.; Kotzem, D.; Tenkamp, J.; Walther, F. Microstructural characterization of the anisotropy and cyclic deformation behavior of selective laser melted AlSi10Mg structures. Metals 2018, 8(10), 825. doi:10.3390/met8100825",90,0.081,379.6,NA,NA,NA,as-built,table,"Table 3 (printed 0 deg), orientation defs in Fig 1a","Source prints 0/45/90 deg relative to the build platform (Fig 1a: 0 deg = bar lying in the plate plane, 90 deg = bar standing on the plate), so printed 0 deg is PERPENDICULAR to BD (= model 90 deg) and printed 90 deg is parallel to BD (= model 0 deg). Conversion applied. Values are Table 3 means (n=3). Printed 0 deg: UTS 379.6 +/- 4.5 MPa, YS 241.2 +/- 1.0 MPa, fracture strain 8.1 +/- 0.4%. Internal cross-checks against the source abstract: 'printed 0 deg showed 8% higher tensile strength than printed 90 deg' -> 379.6/351.8 = 1.079 (8%) OK; 'fracture strain reduced almost 30% for the 45 deg specimen' -> 5.7 vs mean(8.1, 8.3) = 8.2 -> -30.5% OK. Process parameters: the source states that the SLM scanning parameters are not available "
awd2018_AlSi10Mg_45,AlSi10Mg,awd2018metals,"Awd, M.; Stern, F.; Kampmann, A.; Kotzem, D.; Tenkamp, J.; Walther, F. Microstructural characterization of the anisotropy and cyclic deformation behavior of selective laser melted AlSi10Mg structures. Metals 2018, 8(10), 825. doi:10.3390/met8100825",45,0.057,367.8,NA,NA,NA,as-built,table,Table 3 (printed 45 deg),"Source prints 0/45/90 deg relative to the build platform (Fig 1a: 0 deg = bar lying in the plate plane, 90 deg = bar standing on the plate), so printed 0 deg is PERPENDICULAR to BD (= model 90 deg) and printed 90 deg is parallel to BD (= model 0 deg). Conversion applied. Values are Table 3 means (n=3). Printed 45 deg: UTS 367.8 +/- 3.2 MPa, YS 236.7 MPa, fracture strain 5.7 +/- 0.3%. Duplex Al-Si cell structure; failure mediated by lack-of-fusion porosity per the source. Process parameters: the source states that the SLM scanning parameters are not available "
awd2018_AlSi10Mg_0,AlSi10Mg,awd2018metals,"Awd, M.; Stern, F.; Kampmann, A.; Kotzem, D.; Tenkamp, J.; Walther, F. Microstructural characterization of the anisotropy and cyclic deformation behavior of selective laser melted AlSi10Mg structures. Metals 2018, 8(10), 825. doi:10.3390/met8100825",0,0.083,351.8,NA,NA,NA,as-built,table,Table 3 (printed 90 deg),"Source prints 0/45/90 deg relative to the build platform (Fig 1a: 0 deg = bar lying in the plate plane, 90 deg = bar standing on the plate), so printed 0 deg is PERPENDICULAR to BD (= model 90 deg) and printed 90 deg is parallel to BD (= model 0 deg). Conversion applied. Values are Table 3 means (n=3). Printed 90 deg: UTS 351.8 +/- 3.3 MPa, YS 233.5 MPa, fracture strain 8.3 +/- 0.3%. Process parameters: the source states that the SLM scanning parameters are not available "
hovig2018_IN718_90,IN718,hovig2018in718,"Hovig, E.W.; Azar, A.S.; Grytten, F.; Soerby, K.; Andreassen, E. Determination of Anisotropic Mechanical Properties for Materials Processed by Laser Powder Bed Fusion. Advances in Materials Science and Engineering 2018, 2018, 7650303. doi:10.1155/2018/7650303",90,0.2,970,275,805,50,"solution-treated (980 C / 1 h, argon, air cool) - set 1",figure_pixel (ef) + table (UTS mean),Fig 15c (ef); Table 8 (UTS mean),"Source states that 'the sample orientation with respect to the build plate starts at horizontal (0 deg) increasing to vertical (90 deg)', so printed 0 deg = horizontal = PERPENDICULAR to BD (= model 90 deg) and printed 90 deg = vertical = parallel to BD (= model 0 deg). Conversion applied. The per-orientation elongation values (0.20 / 0.25 / 0.30 at printed 0 / 45 / 90) are the project's existing blind-set figure read of Fig 15c; they agree with the source's explicit statement that elongation increases monotonically with build angle ('the lowest elongation at break should then be observed for the 0 deg specimens and increase gradually to a maximum for the 90 deg specimens') and with the Table 8 orientation average of 26 +/- 6% (mean of the three adopted values = 25%). UTS: the source tabulates only the orientation-AVERAGED value (Table 8: 970 +/- 74 MPa) and reports no significant UTS variation with build angle (only YS is reported to vary). The same 970 MPa is therefore assigned to all three orientations; the earlier in-repo blind script's per-orientation 990/970/950 MPa values were NOT re-used, because asserting an untabulated trend on a +/-74 MPa scatter is not defensible. Specimens have as-built surface finish (non-machined). Set 1 is solution-treated, NOT as-built; the as-built (un-heat-treated) condition is not reported by this source. Sets 2 (aged: 1286 MPa / 5%) and 3 (HIP+aged: 1201 MPa / 9%) are outside the scope of this dataset (heat-treated, single orientation). Printed 0 deg (horizontal, perpendicular to BD)."
hovig2018_IN718_45,IN718,hovig2018in718,"Hovig, E.W.; Azar, A.S.; Grytten, F.; Soerby, K.; Andreassen, E. Determination of Anisotropic Mechanical Properties for Materials Processed by Laser Powder Bed Fusion. Advances in Materials Science and Engineering 2018, 2018, 7650303. doi:10.1155/2018/7650303",45,0.25,970,275,805,50,"solution-treated (980 C / 1 h, argon, air cool) - set 1",figure_pixel (ef) + table (UTS mean),Fig 15c (ef); Table 8 (UTS mean),"Source states that 'the sample orientation with respect to the build plate starts at horizontal (0 deg) increasing to vertical (90 deg)', so printed 0 deg = horizontal = PERPENDICULAR to BD (= model 90 deg) and printed 90 deg = vertical = parallel to BD (= model 0 deg). Conversion applied. The per-orientation elongation values (0.20 / 0.25 / 0.30 at printed 0 / 45 / 90) are the project's existing blind-set figure read of Fig 15c; they agree with the source's explicit statement that elongation increases monotonically with build angle ('the lowest elongation at break should then be observed for the 0 deg specimens and increase gradually to a maximum for the 90 deg specimens') and with the Table 8 orientation average of 26 +/- 6% (mean of the three adopted values = 25%). UTS: the source tabulates only the orientation-AVERAGED value (Table 8: 970 +/- 74 MPa) and reports no significant UTS variation with build angle (only YS is reported to vary). The same 970 MPa is therefore assigned to all three orientations; the earlier in-repo blind script's per-orientation 990/970/950 MPa values were NOT re-used, because asserting an untabulated trend on a +/-74 MPa scatter is not defensible. Specimens have as-built surface finish (non-machined). Set 1 is solution-treated, NOT as-built; the as-built (un-heat-treated) condition is not reported by this source. Sets 2 (aged: 1286 MPa / 5%) and 3 (HIP+aged: 1201 MPa / 9%) are outside the scope of this dataset (heat-treated, single orientation). Printed 45 deg (inclined)."
hovig2018_IN718_0,IN718,hovig2018in718,"Hovig, E.W.; Azar, A.S.; Grytten, F.; Soerby, K.; Andreassen, E. Determination of Anisotropic Mechanical Properties for Materials Processed by Laser Powder Bed Fusion. Advances in Materials Science and Engineering 2018, 2018, 7650303. doi:10.1155/2018/7650303",0,0.3,970,275,805,50,"solution-treated (980 C / 1 h, argon, air cool) - set 1",figure_pixel (ef) + table (UTS mean),Fig 15c (ef); Table 8 (UTS mean),"Source states that 'the sample orientation with respect to the build plate starts at horizontal (0 deg) increasing to vertical (90 deg)', so printed 0 deg = horizontal = PERPENDICULAR to BD (= model 90 deg) and printed 90 deg = vertical = parallel to BD (= model 0 deg). Conversion applied. The per-orientation elongation values (0.20 / 0.25 / 0.30 at printed 0 / 45 / 90) are the project's existing blind-set figure read of Fig 15c; they agree with the source's explicit statement that elongation increases monotonically with build angle ('the lowest elongation at break should then be observed for the 0 deg specimens and increase gradually to a maximum for the 90 deg specimens') and with the Table 8 orientation average of 26 +/- 6% (mean of the three adopted values = 25%). UTS: the source tabulates only the orientation-AVERAGED value (Table 8: 970 +/- 74 MPa) and reports no significant UTS variation with build angle (only YS is reported to vary). The same 970 MPa is therefore assigned to all three orientations; the earlier in-repo blind script's per-orientation 990/970/950 MPa values were NOT re-used, because asserting an untabulated trend on a +/-74 MPa scatter is not defensible. Specimens have as-built surface finish (non-machined). Set 1 is solution-treated, NOT as-built; the as-built (un-heat-treated) condition is not reported by this source. Sets 2 (aged: 1286 MPa / 5%) and 3 (HIP+aged: 1201 MPa / 9%) are outside the scope of this dataset (heat-treated, single orientation). Printed 90 deg (vertical, parallel to BD). Note: 11 orientations were tested per set; the three adopted values are the figure-read points at the three canonical angles."
watring2020_IN718_90_lo,IN718,watring2020addma,"Watring, D.S.; Benzing, J.T.; Hrabe, N.; Spear, A.D. Effects of laser-energy density and build orientation on the structure-property relationships in as-built Inconel 718 manufactured by laser powder bed fusion. Additive Manufacturing 2020, 36, 101425. doi:10.1016/j.addma.2020.101425",90,0.06,774,168,1475,30,as-built,table,"Table 3, build condition 1; Table 1 (parameters)","Source states that 'build orientation is reported with respect to the build plate', so printed 0 deg = PERPENDICULAR to BD (= model 90 deg) and printed 60 deg = 30 deg from BD (recorded as 30 deg, category 'other'). Values from Table 3 (mean (STDEV)). All specimens as-built / non-heat-treated; tested at a strain rate of 1e-3 s^-1 on ASTM E8-16a specimens, which satisfies the room-temperature quasi-static requirement of this dataset exactly. Build condition 1 (printed 0 deg, laser energy density 38 J/mm^3): total elongation 0.06 +/- 0.012, uniform elongation 0.05 +/- 0.007, UTS 774 +/- 22 MPa, YS 639 +/- 10 MPa. FLAGGED ANOMALY (retained, not hidden): 6.91% lack-of-fusion porosity (relative density 93.09%) leaves UTS ~28% below the other two conditions and elongation below the nominal IN718 band (0.10-0.30); the source states the pore structure dominates the mechanical response. This is a genuine process-window effect and is precisely what makes the point useful for leave-one-process CV; exclude it for nominal-property CV."
watring2020_IN718_90_hi,IN718,watring2020addma,"Watring, D.S.; Benzing, J.T.; Hrabe, N.; Spear, A.D. Effects of laser-energy density and build orientation on the structure-property relationships in as-built Inconel 718 manufactured by laser powder bed fusion. Additive Manufacturing 2020, 36, 101425. doi:10.1016/j.addma.2020.101425",90,0.29,1081,330,1770,30,as-built,table,"Table 3, build condition 2; Table 1 (parameters)","Source states that 'build orientation is reported with respect to the build plate', so printed 0 deg = PERPENDICULAR to BD (= model 90 deg) and printed 60 deg = 30 deg from BD (recorded as 30 deg, category 'other'). Values from Table 3 (mean (STDEV)). All specimens as-built / non-heat-treated; tested at a strain rate of 1e-3 s^-1 on ASTM E8-16a specimens, which satisfies the room-temperature quasi-static requirement of this dataset exactly. Build condition 2 (printed 0 deg, laser energy density 62 J/mm^3): total elongation 0.29 +/- 0.027, uniform elongation 0.22 +/- 0.013, UTS 1081 +/- 23 MPa, YS 798 +/- 27 MPa. Porosity 0.23%; the highest-ductility condition of the source."
watring2020_IN718_30,IN718,watring2020addma,"Watring, D.S.; Benzing, J.T.; Hrabe, N.; Spear, A.D. Effects of laser-energy density and build orientation on the structure-property relationships in as-built Inconel 718 manufactured by laser powder bed fusion. Additive Manufacturing 2020, 36, 101425. doi:10.1016/j.addma.2020.101425",30,0.28,1070,220,1180,30,as-built,table,"Table 3, build condition 3; Table 1 (parameters)","Source states that 'build orientation is reported with respect to the build plate', so printed 0 deg = PERPENDICULAR to BD (= model 90 deg) and printed 60 deg = 30 deg from BD (recorded as 30 deg, category 'other'). Values from Table 3 (mean (STDEV)). All specimens as-built / non-heat-treated; tested at a strain rate of 1e-3 s^-1 on ASTM E8-16a specimens, which satisfies the room-temperature quasi-static requirement of this dataset exactly. Build condition 3 (printed 60 deg, laser energy density 62 J/mm^3): total elongation 0.28 +/- 0.085, uniform elongation 0.21 +/- 0.034, UTS 1070 +/- 34 MPa, YS 772 +/- 15 MPa. Porosity 0.07%. Kept at the physically correct 30 deg from BD rather than being forced into the 45 deg category; it can be assigned to 45 deg if a three-level orientation scheme is required, but that approximation must then be declared."
nist_mds2_3402_HT0_h,Ti64,nist_mds2_3402,"NIST Public Data Repository mds2-3402: Derimow, N.; Benzing, J.T.; Moser, N.; Kafka, O.L.; Joress, H.; McDannald, A.; Newton, D.; Koepke, L.; Hrabe, N. Dataset of Additive Manufacturing Laser Powder Bed Fusion Ti-6Al-4V Subjected to Various Novel Hot Isostatic Pressing (HIP) Treatments. National Institute of Standards and Technology. ARK ark:/88434/mds2-3402, doi:10.18434/mds2-3402 (v1.0.0 2024-07-09, v1.0.2 2026-01-06). NIST Open License, public. Accompanying report: NIST IR 8551 (Dec 2024), doi:10.6028/NIST.IR.8551",90,0.1928,1294.20,245,1250,60,as-built (AB; no post-build heat treatment; the source notes AB is not technically a heat treatment),published_group_mean_table,IR 8551 Table 3.6; NIST curve panel ht_0_h-eps-converted-to.pdf,"Horizontal (specimen axis Y, perpendicular to BD) test. Specimens: 10 mini-tensile (HT0-h1..HT0-h10) WEDM-machined from one PBF-L block; this row aggregates the condition. Values are the PUBLISHED group means of NIST IR 8551 Table 3.6 (horizontal, n=10): UTS 1294.20 MPa, total elongation 19.28 % (reported +/-1 sigma UTS 6.69 MPa, TE 0.01 %). ef = 0.1928. The published TE mean excludes no specimen. Orientation mapping: the source label is kept in the notes. IR 8551 p61 states the tensile direction is Y for horizontal and Z for vertical tests, and p77 calls the vertical direction the build direction, so v -> 0 deg (axis parallel to BD) and h -> 90 deg (axis perpendicular to BD) on the model convention - the same treatment as sun2024adem. Independent verification (mds2_3402_parsed.md section 4): recomputing UTS from the deposited per-specimen StressStrain.txt curves reproduces the published UTS to <= 0.07 MPa, and each published TE mean is the UNIQUE 10-specimen subset mean (exhaustive 2^10 subset search, 0.01 pct-point tolerance); the 30 published vector curve panels match the deposited curves exactly (26 panels, 0.00 MPa / 0.00000 strain; 4 panels plot 9 of the 10 replicates). FLAGGED, RETAINED: UTS 1294.2 MPa is OUTSIDE the nominal Ti-6Al-4V band 900-1200 MPa. A published value from the primary source, kept rather than dropped or adjusted; see mds2_3402_parsed.md section 5."
nist_mds2_3402_HT0_v,Ti64,nist_mds2_3402,"NIST Public Data Repository mds2-3402: Derimow, N.; Benzing, J.T.; Moser, N.; Kafka, O.L.; Joress, H.; McDannald, A.; Newton, D.; Koepke, L.; Hrabe, N. Dataset of Additive Manufacturing Laser Powder Bed Fusion Ti-6Al-4V Subjected to Various Novel Hot Isostatic Pressing (HIP) Treatments. National Institute of Standards and Technology. ARK ark:/88434/mds2-3402, doi:10.18434/mds2-3402 (v1.0.0 2024-07-09, v1.0.2 2026-01-06). NIST Open License, public. Accompanying report: NIST IR 8551 (Dec 2024), doi:10.6028/NIST.IR.8551",0,0.1680,1302.72,245,1250,60,as-built (AB; no post-build heat treatment; the source notes AB is not technically a heat treatment),published_group_mean_table,IR 8551 Table 3.7; NIST curve panel ht_0_v-eps-converted-to.pdf,"Vertical (specimen axis Z, parallel to BD) test. Specimens: 10 mini-tensile (HT0-v1..HT0-v10) WEDM-machined from one PBF-L block; this row aggregates the condition. Values are the PUBLISHED group means of NIST IR 8551 Table 3.7 (vertical, n=9): UTS 1302.72 MPa, total elongation 16.80 % (reported +/-1 sigma UTS 8.24 MPa, TE 0.05 %). ef = 0.1680. The published TE mean excludes HT0-v9 (flagged in the deposited Elong.txt). Orientation mapping: the source label is kept in the notes. IR 8551 p61 states the tensile direction is Y for horizontal and Z for vertical tests, and p77 calls the vertical direction the build direction, so v -> 0 deg (axis parallel to BD) and h -> 90 deg (axis perpendicular to BD) on the model convention - the same treatment as sun2024adem. Independent verification (mds2_3402_parsed.md section 4): recomputing UTS from the deposited per-specimen StressStrain.txt curves reproduces the published UTS to <= 0.07 MPa, and each published TE mean is the UNIQUE 10-specimen subset mean (exhaustive 2^10 subset search, 0.01 pct-point tolerance); the 30 published vector curve panels match the deposited curves exactly (26 panels, 0.00 MPa / 0.00000 strain; 4 panels plot 9 of the 10 replicates). The published UTS mean also excludes HT0-v9. FLAGGED, RETAINED: UTS 1302.7 MPa is OUTSIDE the nominal Ti-6Al-4V band 900-1200 MPa. A published value from the primary source, kept rather than dropped or adjusted; see mds2_3402_parsed.md section 5."
nist_mds2_3402_HT1_h,Ti64,nist_mds2_3402,"NIST Public Data Repository mds2-3402: Derimow, N.; Benzing, J.T.; Moser, N.; Kafka, O.L.; Joress, H.; McDannald, A.; Newton, D.; Koepke, L.; Hrabe, N. Dataset of Additive Manufacturing Laser Powder Bed Fusion Ti-6Al-4V Subjected to Various Novel Hot Isostatic Pressing (HIP) Treatments. National Institute of Standards and Technology. ARK ark:/88434/mds2-3402, doi:10.18434/mds2-3402 (v1.0.0 2024-07-09, v1.0.2 2026-01-06). NIST Open License, public. Accompanying report: NIST IR 8551 (Dec 2024), doi:10.6028/NIST.IR.8551",90,0.2925,1076.81,245,1250,60,"stress-relief anneal (SR: stress relieved), 800 C / 2 h, vacuum furnace at an external vendor, cool 12 C/min",published_group_mean_table,IR 8551 Table 3.6; NIST curve panel ht_1_h-eps-converted-to.pdf,"Horizontal (specimen axis Y, perpendicular to BD) test. Specimens: 10 mini-tensile (HT1-h1..HT1-h10) WEDM-machined from one PBF-L block; this row aggregates the condition. Values are the PUBLISHED group means of NIST IR 8551 Table 3.6 (horizontal, n=10): UTS 1076.81 MPa, total elongation 29.25 % (reported +/-1 sigma UTS 0.74 MPa, TE 0.02 %). ef = 0.2925. The published TE mean excludes no specimen. Orientation mapping: the source label is kept in the notes. IR 8551 p61 states the tensile direction is Y for horizontal and Z for vertical tests, and p77 calls the vertical direction the build direction, so v -> 0 deg (axis parallel to BD) and h -> 90 deg (axis perpendicular to BD) on the model convention - the same treatment as sun2024adem. Independent verification (mds2_3402_parsed.md section 4): recomputing UTS from the deposited per-specimen StressStrain.txt curves reproduces the published UTS to <= 0.07 MPa, and each published TE mean is the UNIQUE 10-specimen subset mean (exhaustive 2^10 subset search, 0.01 pct-point tolerance); the 30 published vector curve panels match the deposited curves exactly (26 panels, 0.00 MPa / 0.00000 strain; 4 panels plot 9 of the 10 replicates). FLAGGED, RETAINED: ef 29.25 % is OUTSIDE the nominal 5-20 % band. A published value from the primary source, kept rather than dropped or adjusted; see mds2_3402_parsed.md section 5."
nist_mds2_3402_HT1_v,Ti64,nist_mds2_3402,"NIST Public Data Repository mds2-3402: Derimow, N.; Benzing, J.T.; Moser, N.; Kafka, O.L.; Joress, H.; McDannald, A.; Newton, D.; Koepke, L.; Hrabe, N. Dataset of Additive Manufacturing Laser Powder Bed Fusion Ti-6Al-4V Subjected to Various Novel Hot Isostatic Pressing (HIP) Treatments. National Institute of Standards and Technology. ARK ark:/88434/mds2-3402, doi:10.18434/mds2-3402 (v1.0.0 2024-07-09, v1.0.2 2026-01-06). NIST Open License, public. Accompanying report: NIST IR 8551 (Dec 2024), doi:10.6028/NIST.IR.8551",0,0.2490,1081.62,245,1250,60,"stress-relief anneal (SR: stress relieved), 800 C / 2 h, vacuum furnace at an external vendor, cool 12 C/min",published_group_mean_table,IR 8551 Table 3.7; NIST curve panel ht_1_v-eps-converted-to.pdf,"Vertical (specimen axis Z, parallel to BD) test. Specimens: 10 mini-tensile (HT1-v1..HT1-v10) WEDM-machined from one PBF-L block; this row aggregates the condition. Values are the PUBLISHED group means of NIST IR 8551 Table 3.7 (vertical, n=8): UTS 1081.62 MPa, total elongation 24.90 % (reported +/-1 sigma UTS 2.56 MPa, TE 0.10 %). ef = 0.2490. The published TE mean excludes HT1-v10, HT1-v8 (flagged in the deposited Elong.txt). Orientation mapping: the source label is kept in the notes. IR 8551 p61 states the tensile direction is Y for horizontal and Z for vertical tests, and p77 calls the vertical direction the build direction, so v -> 0 deg (axis parallel to BD) and h -> 90 deg (axis perpendicular to BD) on the model convention - the same treatment as sun2024adem. Independent verification (mds2_3402_parsed.md section 4): recomputing UTS from the deposited per-specimen StressStrain.txt curves reproduces the published UTS to <= 0.07 MPa, and each published TE mean is the UNIQUE 10-specimen subset mean (exhaustive 2^10 subset search, 0.01 pct-point tolerance); the 30 published vector curve panels match the deposited curves exactly (26 panels, 0.00 MPa / 0.00000 strain; 4 panels plot 9 of the 10 replicates). The published UTS mean also excludes HT1-v8. FLAGGED, RETAINED: ef 24.90 % is OUTSIDE the nominal 5-20 % band. A published value from the primary source, kept rather than dropped or adjusted; see mds2_3402_parsed.md section 5."
nist_mds2_3402_HT2_h,Ti64,nist_mds2_3402,"NIST Public Data Repository mds2-3402: Derimow, N.; Benzing, J.T.; Moser, N.; Kafka, O.L.; Joress, H.; McDannald, A.; Newton, D.; Koepke, L.; Hrabe, N. Dataset of Additive Manufacturing Laser Powder Bed Fusion Ti-6Al-4V Subjected to Various Novel Hot Isostatic Pressing (HIP) Treatments. National Institute of Standards and Technology. ARK ark:/88434/mds2-3402, doi:10.18434/mds2-3402 (v1.0.0 2024-07-09, v1.0.2 2026-01-06). NIST Open License, public. Accompanying report: NIST IR 8551 (Dec 2024), doi:10.6028/NIST.IR.8551",90,0.3138,1082.43,245,1250,60,"HIP (nsHIP: new sub-beta HIP with slow cooling), 800 C / 200 MPa / 2 h, cool 12 C/min; 200 MPa used at 800 C to ensure porosity closure",published_group_mean_table,IR 8551 Table 3.6; NIST curve panel ht_2_h-eps-converted-to.pdf,"Horizontal (specimen axis Y, perpendicular to BD) test. Specimens: 10 mini-tensile (HT2-h1..HT2-h10) WEDM-machined from one PBF-L block; this row aggregates the condition. Values are the PUBLISHED group means of NIST IR 8551 Table 3.6 (horizontal, n=10): UTS 1082.43 MPa, total elongation 31.38 % (reported +/-1 sigma UTS 1.19 MPa, TE 0.02 %). ef = 0.3138. The published TE mean excludes no specimen. Orientation mapping: the source label is kept in the notes. IR 8551 p61 states the tensile direction is Y for horizontal and Z for vertical tests, and p77 calls the vertical direction the build direction, so v -> 0 deg (axis parallel to BD) and h -> 90 deg (axis perpendicular to BD) on the model convention - the same treatment as sun2024adem. Independent verification (mds2_3402_parsed.md section 4): recomputing UTS from the deposited per-specimen StressStrain.txt curves reproduces the published UTS to <= 0.07 MPa, and each published TE mean is the UNIQUE 10-specimen subset mean (exhaustive 2^10 subset search, 0.01 pct-point tolerance); the 30 published vector curve panels match the deposited curves exactly (26 panels, 0.00 MPa / 0.00000 strain; 4 panels plot 9 of the 10 replicates). FLAGGED, RETAINED: ef 31.38 % is OUTSIDE the nominal 5-20 % band. A published value from the primary source, kept rather than dropped or adjusted; see mds2_3402_parsed.md section 5."
nist_mds2_3402_HT2_v,Ti64,nist_mds2_3402,"NIST Public Data Repository mds2-3402: Derimow, N.; Benzing, J.T.; Moser, N.; Kafka, O.L.; Joress, H.; McDannald, A.; Newton, D.; Koepke, L.; Hrabe, N. Dataset of Additive Manufacturing Laser Powder Bed Fusion Ti-6Al-4V Subjected to Various Novel Hot Isostatic Pressing (HIP) Treatments. National Institute of Standards and Technology. ARK ark:/88434/mds2-3402, doi:10.18434/mds2-3402 (v1.0.0 2024-07-09, v1.0.2 2026-01-06). NIST Open License, public. Accompanying report: NIST IR 8551 (Dec 2024), doi:10.6028/NIST.IR.8551",0,0.2936,1085.18,245,1250,60,"HIP (nsHIP: new sub-beta HIP with slow cooling), 800 C / 200 MPa / 2 h, cool 12 C/min; 200 MPa used at 800 C to ensure porosity closure",published_group_mean_table,IR 8551 Table 3.7; NIST curve panel ht_2_v-eps-converted-to.pdf,"Vertical (specimen axis Z, parallel to BD) test. Specimens: 10 mini-tensile (HT2-v1..HT2-v10) WEDM-machined from one PBF-L block; this row aggregates the condition. Values are the PUBLISHED group means of NIST IR 8551 Table 3.7 (vertical, n=10): UTS 1085.18 MPa, total elongation 29.36 % (reported +/-1 sigma UTS 1.88 MPa, TE 0.02 %). ef = 0.2936. The published TE mean excludes no specimen. Orientation mapping: the source label is kept in the notes. IR 8551 p61 states the tensile direction is Y for horizontal and Z for vertical tests, and p77 calls the vertical direction the build direction, so v -> 0 deg (axis parallel to BD) and h -> 90 deg (axis perpendicular to BD) on the model convention - the same treatment as sun2024adem. Independent verification (mds2_3402_parsed.md section 4): recomputing UTS from the deposited per-specimen StressStrain.txt curves reproduces the published UTS to <= 0.07 MPa, and each published TE mean is the UNIQUE 10-specimen subset mean (exhaustive 2^10 subset search, 0.01 pct-point tolerance); the 30 published vector curve panels match the deposited curves exactly (26 panels, 0.00 MPa / 0.00000 strain; 4 panels plot 9 of the 10 replicates). FLAGGED, RETAINED: ef 29.36 % is OUTSIDE the nominal 5-20 % band. A published value from the primary source, kept rather than dropped or adjusted; see mds2_3402_parsed.md section 5."
nist_mds2_3402_HT3_h,Ti64,nist_mds2_3402,"NIST Public Data Repository mds2-3402: Derimow, N.; Benzing, J.T.; Moser, N.; Kafka, O.L.; Joress, H.; McDannald, A.; Newton, D.; Koepke, L.; Hrabe, N. Dataset of Additive Manufacturing Laser Powder Bed Fusion Ti-6Al-4V Subjected to Various Novel Hot Isostatic Pressing (HIP) Treatments. National Institute of Standards and Technology. ARK ark:/88434/mds2-3402, doi:10.18434/mds2-3402 (v1.0.0 2024-07-09, v1.0.2 2026-01-06). NIST Open License, public. Accompanying report: NIST IR 8551 (Dec 2024), doi:10.6028/NIST.IR.8551",90,0.3186,990.83,245,1250,60,"HIP (csHIP: classic sub-beta HIP with slow cooling, per ASTM F2924/F3001), 920 C / 100 MPa / 2 h, cool 12 C/min",published_group_mean_table,IR 8551 Table 3.6; NIST curve panel ht_3_h-eps-converted-to.pdf,"Horizontal (specimen axis Y, perpendicular to BD) test. Specimens: 10 mini-tensile (HT3-h1..HT3-h10) WEDM-machined from one PBF-L block; this row aggregates the condition. Values are the PUBLISHED group means of NIST IR 8551 Table 3.6 (horizontal, n=10): UTS 990.83 MPa, total elongation 31.86 % (reported +/-1 sigma UTS 1.01 MPa, TE 0.02 %). ef = 0.3186. The published TE mean excludes no specimen. Orientation mapping: the source label is kept in the notes. IR 8551 p61 states the tensile direction is Y for horizontal and Z for vertical tests, and p77 calls the vertical direction the build direction, so v -> 0 deg (axis parallel to BD) and h -> 90 deg (axis perpendicular to BD) on the model convention - the same treatment as sun2024adem. Independent verification (mds2_3402_parsed.md section 4): recomputing UTS from the deposited per-specimen StressStrain.txt curves reproduces the published UTS to <= 0.07 MPa, and each published TE mean is the UNIQUE 10-specimen subset mean (exhaustive 2^10 subset search, 0.01 pct-point tolerance); the 30 published vector curve panels match the deposited curves exactly (26 panels, 0.00 MPa / 0.00000 strain; 4 panels plot 9 of the 10 replicates). FLAGGED, RETAINED: ef 31.86 % is OUTSIDE the nominal 5-20 % band. A published value from the primary source, kept rather than dropped or adjusted; see mds2_3402_parsed.md section 5."
nist_mds2_3402_HT3_v,Ti64,nist_mds2_3402,"NIST Public Data Repository mds2-3402: Derimow, N.; Benzing, J.T.; Moser, N.; Kafka, O.L.; Joress, H.; McDannald, A.; Newton, D.; Koepke, L.; Hrabe, N. Dataset of Additive Manufacturing Laser Powder Bed Fusion Ti-6Al-4V Subjected to Various Novel Hot Isostatic Pressing (HIP) Treatments. National Institute of Standards and Technology. ARK ark:/88434/mds2-3402, doi:10.18434/mds2-3402 (v1.0.0 2024-07-09, v1.0.2 2026-01-06). NIST Open License, public. Accompanying report: NIST IR 8551 (Dec 2024), doi:10.6028/NIST.IR.8551",0,0.3177,995.90,245,1250,60,"HIP (csHIP: classic sub-beta HIP with slow cooling, per ASTM F2924/F3001), 920 C / 100 MPa / 2 h, cool 12 C/min",published_group_mean_table,IR 8551 Table 3.7; NIST curve panel ht_3_v-eps-converted-to.pdf,"Vertical (specimen axis Z, parallel to BD) test. Specimens: 10 mini-tensile (HT3-v1..HT3-v10) WEDM-machined from one PBF-L block; this row aggregates the condition. Values are the PUBLISHED group means of NIST IR 8551 Table 3.7 (vertical, n=9): UTS 995.90 MPa, total elongation 31.77 % (reported +/-1 sigma UTS 2.02 MPa, TE 0.10 %). ef = 0.3177. The published TE mean excludes HT3-v1 (flagged in the deposited Elong.txt). Orientation mapping: the source label is kept in the notes. IR 8551 p61 states the tensile direction is Y for horizontal and Z for vertical tests, and p77 calls the vertical direction the build direction, so v -> 0 deg (axis parallel to BD) and h -> 90 deg (axis perpendicular to BD) on the model convention - the same treatment as sun2024adem. Independent verification (mds2_3402_parsed.md section 4): recomputing UTS from the deposited per-specimen StressStrain.txt curves reproduces the published UTS to <= 0.07 MPa, and each published TE mean is the UNIQUE 10-specimen subset mean (exhaustive 2^10 subset search, 0.01 pct-point tolerance); the 30 published vector curve panels match the deposited curves exactly (26 panels, 0.00 MPa / 0.00000 strain; 4 panels plot 9 of the 10 replicates). FLAGGED, RETAINED: ef 31.77 % is OUTSIDE the nominal 5-20 % band. A published value from the primary source, kept rather than dropped or adjusted; see mds2_3402_parsed.md section 5."
nist_mds2_3402_HT4_h,Ti64,nist_mds2_3402,"NIST Public Data Repository mds2-3402: Derimow, N.; Benzing, J.T.; Moser, N.; Kafka, O.L.; Joress, H.; McDannald, A.; Newton, D.; Koepke, L.; Hrabe, N. Dataset of Additive Manufacturing Laser Powder Bed Fusion Ti-6Al-4V Subjected to Various Novel Hot Isostatic Pressing (HIP) Treatments. National Institute of Standards and Technology. ARK ark:/88434/mds2-3402, doi:10.18434/mds2-3402 (v1.0.0 2024-07-09, v1.0.2 2026-01-06). NIST Open License, public. Accompanying report: NIST IR 8551 (Dec 2024), doi:10.6028/NIST.IR.8551",90,0.3005,1063.02,245,1250,60,"HIP (nsHIP+FC: new sub-beta HIP with fast cooling), 800 C / 200 MPa / 2 h, cool 100 C/min",published_group_mean_table,IR 8551 Table 3.6; NIST curve panel ht_4_h-eps-converted-to.pdf,"Horizontal (specimen axis Y, perpendicular to BD) test. Specimens: 10 mini-tensile (HT4-h1..HT4-h10) WEDM-machined from one PBF-L block; this row aggregates the condition. Values are the PUBLISHED group means of NIST IR 8551 Table 3.6 (horizontal, n=10): UTS 1063.02 MPa, total elongation 30.05 % (reported +/-1 sigma UTS 0.98 MPa, TE 0.02 %). ef = 0.3005. The published TE mean excludes no specimen. Orientation mapping: the source label is kept in the notes. IR 8551 p61 states the tensile direction is Y for horizontal and Z for vertical tests, and p77 calls the vertical direction the build direction, so v -> 0 deg (axis parallel to BD) and h -> 90 deg (axis perpendicular to BD) on the model convention - the same treatment as sun2024adem. Independent verification (mds2_3402_parsed.md section 4): recomputing UTS from the deposited per-specimen StressStrain.txt curves reproduces the published UTS to <= 0.07 MPa, and each published TE mean is the UNIQUE 10-specimen subset mean (exhaustive 2^10 subset search, 0.01 pct-point tolerance); the 30 published vector curve panels match the deposited curves exactly (26 panels, 0.00 MPa / 0.00000 strain; 4 panels plot 9 of the 10 replicates). FLAGGED, RETAINED: ef 30.05 % is OUTSIDE the nominal 5-20 % band. A published value from the primary source, kept rather than dropped or adjusted; see mds2_3402_parsed.md section 5."
nist_mds2_3402_HT4_v,Ti64,nist_mds2_3402,"NIST Public Data Repository mds2-3402: Derimow, N.; Benzing, J.T.; Moser, N.; Kafka, O.L.; Joress, H.; McDannald, A.; Newton, D.; Koepke, L.; Hrabe, N. Dataset of Additive Manufacturing Laser Powder Bed Fusion Ti-6Al-4V Subjected to Various Novel Hot Isostatic Pressing (HIP) Treatments. National Institute of Standards and Technology. ARK ark:/88434/mds2-3402, doi:10.18434/mds2-3402 (v1.0.0 2024-07-09, v1.0.2 2026-01-06). NIST Open License, public. Accompanying report: NIST IR 8551 (Dec 2024), doi:10.6028/NIST.IR.8551",0,0.2756,1065.78,245,1250,60,"HIP (nsHIP+FC: new sub-beta HIP with fast cooling), 800 C / 200 MPa / 2 h, cool 100 C/min",published_group_mean_table,IR 8551 Table 3.7; NIST curve panel ht_4_v-eps-converted-to.pdf,"Vertical (specimen axis Z, parallel to BD) test. Specimens: 10 mini-tensile (HT4-v1..HT4-v10) WEDM-machined from one PBF-L block; this row aggregates the condition. Values are the PUBLISHED group means of NIST IR 8551 Table 3.7 (vertical, n=8): UTS 1065.78 MPa, total elongation 27.56 % (reported +/-1 sigma UTS 1.01 MPa, TE 0.11 %). ef = 0.2756. The published TE mean excludes HT4-v2, HT4-v7 (flagged in the deposited Elong.txt). Orientation mapping: the source label is kept in the notes. IR 8551 p61 states the tensile direction is Y for horizontal and Z for vertical tests, and p77 calls the vertical direction the build direction, so v -> 0 deg (axis parallel to BD) and h -> 90 deg (axis perpendicular to BD) on the model convention - the same treatment as sun2024adem. Independent verification (mds2_3402_parsed.md section 4): recomputing UTS from the deposited per-specimen StressStrain.txt curves reproduces the published UTS to <= 0.07 MPa, and each published TE mean is the UNIQUE 10-specimen subset mean (exhaustive 2^10 subset search, 0.01 pct-point tolerance); the 30 published vector curve panels match the deposited curves exactly (26 panels, 0.00 MPa / 0.00000 strain; 4 panels plot 9 of the 10 replicates). FLAGGED, RETAINED: ef 27.56 % is OUTSIDE the nominal 5-20 % band. A published value from the primary source, kept rather than dropped or adjusted; see mds2_3402_parsed.md section 5."
nist_mds2_3402_HT5_h,Ti64,nist_mds2_3402,"NIST Public Data Repository mds2-3402: Derimow, N.; Benzing, J.T.; Moser, N.; Kafka, O.L.; Joress, H.; McDannald, A.; Newton, D.; Koepke, L.; Hrabe, N. Dataset of Additive Manufacturing Laser Powder Bed Fusion Ti-6Al-4V Subjected to Various Novel Hot Isostatic Pressing (HIP) Treatments. National Institute of Standards and Technology. ARK ark:/88434/mds2-3402, doi:10.18434/mds2-3402 (v1.0.0 2024-07-09, v1.0.2 2026-01-06). NIST Open License, public. Accompanying report: NIST IR 8551 (Dec 2024), doi:10.6028/NIST.IR.8551",90,0.3279,1022.63,245,1250,60,"HIP + ageing (csHIP+A: classic sub-beta HIP with an ageing step), 920 C / 100 MPa / 2 h, cool 12 C/min; then 545 C / 100 h in a vacuum furnace without pressure, cool 12 C/min",published_group_mean_table,IR 8551 Table 3.6; NIST curve panel ht_5_h-eps-converted-to.pdf,"Horizontal (specimen axis Y, perpendicular to BD) test. Specimens: 10 mini-tensile (HT5-h1..HT5-h10) WEDM-machined from one PBF-L block; this row aggregates the condition. Values are the PUBLISHED group means of NIST IR 8551 Table 3.6 (horizontal, n=10): UTS 1022.63 MPa, total elongation 32.79 % (reported +/-1 sigma UTS 0.95 MPa, TE 0.02 %). ef = 0.3279. The published TE mean excludes no specimen. Orientation mapping: the source label is kept in the notes. IR 8551 p61 states the tensile direction is Y for horizontal and Z for vertical tests, and p77 calls the vertical direction the build direction, so v -> 0 deg (axis parallel to BD) and h -> 90 deg (axis perpendicular to BD) on the model convention - the same treatment as sun2024adem. Independent verification (mds2_3402_parsed.md section 4): recomputing UTS from the deposited per-specimen StressStrain.txt curves reproduces the published UTS to <= 0.07 MPa, and each published TE mean is the UNIQUE 10-specimen subset mean (exhaustive 2^10 subset search, 0.01 pct-point tolerance); the 30 published vector curve panels match the deposited curves exactly (26 panels, 0.00 MPa / 0.00000 strain; 4 panels plot 9 of the 10 replicates). FLAGGED, RETAINED: ef 32.79 % is OUTSIDE the nominal 5-20 % band. A published value from the primary source, kept rather than dropped or adjusted; see mds2_3402_parsed.md section 5."
nist_mds2_3402_HT5_v,Ti64,nist_mds2_3402,"NIST Public Data Repository mds2-3402: Derimow, N.; Benzing, J.T.; Moser, N.; Kafka, O.L.; Joress, H.; McDannald, A.; Newton, D.; Koepke, L.; Hrabe, N. Dataset of Additive Manufacturing Laser Powder Bed Fusion Ti-6Al-4V Subjected to Various Novel Hot Isostatic Pressing (HIP) Treatments. National Institute of Standards and Technology. ARK ark:/88434/mds2-3402, doi:10.18434/mds2-3402 (v1.0.0 2024-07-09, v1.0.2 2026-01-06). NIST Open License, public. Accompanying report: NIST IR 8551 (Dec 2024), doi:10.6028/NIST.IR.8551",0,0.2955,1033.46,245,1250,60,"HIP + ageing (csHIP+A: classic sub-beta HIP with an ageing step), 920 C / 100 MPa / 2 h, cool 12 C/min; then 545 C / 100 h in a vacuum furnace without pressure, cool 12 C/min",published_group_mean_table,IR 8551 Table 3.7; NIST curve panel ht_5_v-eps-converted-to.pdf,"Vertical (specimen axis Z, parallel to BD) test. Specimens: 10 mini-tensile (HT5-v1..HT5-v10) WEDM-machined from one PBF-L block; this row aggregates the condition. Values are the PUBLISHED group means of NIST IR 8551 Table 3.7 (vertical, n=10): UTS 1033.46 MPa, total elongation 29.55 % (reported +/-1 sigma UTS 2.02 MPa, TE 0.02 %). ef = 0.2955. The published TE mean excludes no specimen. Orientation mapping: the source label is kept in the notes. IR 8551 p61 states the tensile direction is Y for horizontal and Z for vertical tests, and p77 calls the vertical direction the build direction, so v -> 0 deg (axis parallel to BD) and h -> 90 deg (axis perpendicular to BD) on the model convention - the same treatment as sun2024adem. Independent verification (mds2_3402_parsed.md section 4): recomputing UTS from the deposited per-specimen StressStrain.txt curves reproduces the published UTS to <= 0.07 MPa, and each published TE mean is the UNIQUE 10-specimen subset mean (exhaustive 2^10 subset search, 0.01 pct-point tolerance); the 30 published vector curve panels match the deposited curves exactly (26 panels, 0.00 MPa / 0.00000 strain; 4 panels plot 9 of the 10 replicates). FLAGGED, RETAINED: ef 29.55 % is OUTSIDE the nominal 5-20 % band. A published value from the primary source, kept rather than dropped or adjusted; see mds2_3402_parsed.md section 5."
nist_mds2_3402_HT6_h,Ti64,nist_mds2_3402,"NIST Public Data Repository mds2-3402: Derimow, N.; Benzing, J.T.; Moser, N.; Kafka, O.L.; Joress, H.; McDannald, A.; Newton, D.; Koepke, L.; Hrabe, N. Dataset of Additive Manufacturing Laser Powder Bed Fusion Ti-6Al-4V Subjected to Various Novel Hot Isostatic Pressing (HIP) Treatments. National Institute of Standards and Technology. ARK ark:/88434/mds2-3402, doi:10.18434/mds2-3402 (v1.0.0 2024-07-09, v1.0.2 2026-01-06). NIST Open License, public. Accompanying report: NIST IR 8551 (Dec 2024), doi:10.6028/NIST.IR.8551",90,0.1548,1028.26,245,1250,60,"HIP + tempering (SHIP+RQ+T1: super-beta HIP, rapid quench, temper T1), 1050 C / 100 MPa / 2 h, quench 2000 C/min; then 800 C / 100 MPa / 2 h, cool 12 C/min",published_group_mean_table,IR 8551 Table 3.6; NIST curve panel ht_6_h-eps-converted-to.pdf,"Horizontal (specimen axis Y, perpendicular to BD) test. Specimens: 10 mini-tensile (HT6-h1..HT6-h10) WEDM-machined from one PBF-L block; this row aggregates the condition. Values are the PUBLISHED group means of NIST IR 8551 Table 3.6 (horizontal, n=10): UTS 1028.26 MPa, total elongation 15.48 % (reported +/-1 sigma UTS 8.24 MPa, TE 0.03 %). ef = 0.1548. The published TE mean excludes no specimen. Orientation mapping: the source label is kept in the notes. IR 8551 p61 states the tensile direction is Y for horizontal and Z for vertical tests, and p77 calls the vertical direction the build direction, so v -> 0 deg (axis parallel to BD) and h -> 90 deg (axis perpendicular to BD) on the model convention - the same treatment as sun2024adem. Independent verification (mds2_3402_parsed.md section 4): recomputing UTS from the deposited per-specimen StressStrain.txt curves reproduces the published UTS to <= 0.07 MPa, and each published TE mean is the UNIQUE 10-specimen subset mean (exhaustive 2^10 subset search, 0.01 pct-point tolerance); the 30 published vector curve panels match the deposited curves exactly (26 panels, 0.00 MPa / 0.00000 strain; 4 panels plot 9 of the 10 replicates). Inside the nominal Ti-6Al-4V band (UTS 900-1200 MPa, ef 5-20 %)."
nist_mds2_3402_HT6_v,Ti64,nist_mds2_3402,"NIST Public Data Repository mds2-3402: Derimow, N.; Benzing, J.T.; Moser, N.; Kafka, O.L.; Joress, H.; McDannald, A.; Newton, D.; Koepke, L.; Hrabe, N. Dataset of Additive Manufacturing Laser Powder Bed Fusion Ti-6Al-4V Subjected to Various Novel Hot Isostatic Pressing (HIP) Treatments. National Institute of Standards and Technology. ARK ark:/88434/mds2-3402, doi:10.18434/mds2-3402 (v1.0.0 2024-07-09, v1.0.2 2026-01-06). NIST Open License, public. Accompanying report: NIST IR 8551 (Dec 2024), doi:10.6028/NIST.IR.8551",0,0.1495,1021.45,245,1250,60,"HIP + tempering (SHIP+RQ+T1: super-beta HIP, rapid quench, temper T1), 1050 C / 100 MPa / 2 h, quench 2000 C/min; then 800 C / 100 MPa / 2 h, cool 12 C/min",published_group_mean_table,IR 8551 Table 3.7; NIST curve panel ht_6_v-eps-converted-to.pdf,"Vertical (specimen axis Z, parallel to BD) test. Specimens: 10 mini-tensile (HT6-v1..HT6-v10) WEDM-machined from one PBF-L block; this row aggregates the condition. Values are the PUBLISHED group means of NIST IR 8551 Table 3.7 (vertical, n=9): UTS 1021.45 MPa, total elongation 14.95 % (reported +/-1 sigma UTS 6.70 MPa, TE 0.06 %). ef = 0.1495. The published TE mean excludes HT6-v5 (flagged in the deposited Elong.txt). Orientation mapping: the source label is kept in the notes. IR 8551 p61 states the tensile direction is Y for horizontal and Z for vertical tests, and p77 calls the vertical direction the build direction, so v -> 0 deg (axis parallel to BD) and h -> 90 deg (axis perpendicular to BD) on the model convention - the same treatment as sun2024adem. Independent verification (mds2_3402_parsed.md section 4): recomputing UTS from the deposited per-specimen StressStrain.txt curves reproduces the published UTS to <= 0.07 MPa, and each published TE mean is the UNIQUE 10-specimen subset mean (exhaustive 2^10 subset search, 0.01 pct-point tolerance); the 30 published vector curve panels match the deposited curves exactly (26 panels, 0.00 MPa / 0.00000 strain; 4 panels plot 9 of the 10 replicates). Inside the nominal Ti-6Al-4V band (UTS 900-1200 MPa, ef 5-20 %)."
nist_mds2_3402_HT7_h,Ti64,nist_mds2_3402,"NIST Public Data Repository mds2-3402: Derimow, N.; Benzing, J.T.; Moser, N.; Kafka, O.L.; Joress, H.; McDannald, A.; Newton, D.; Koepke, L.; Hrabe, N. Dataset of Additive Manufacturing Laser Powder Bed Fusion Ti-6Al-4V Subjected to Various Novel Hot Isostatic Pressing (HIP) Treatments. National Institute of Standards and Technology. ARK ark:/88434/mds2-3402, doi:10.18434/mds2-3402 (v1.0.0 2024-07-09, v1.0.2 2026-01-06). NIST Open License, public. Accompanying report: NIST IR 8551 (Dec 2024), doi:10.6028/NIST.IR.8551",90,0.1715,1008.99,245,1250,60,"HIP + tempering (SHIP+RQ+T2: super-beta HIP, rapid quench, longer tempering), 1050 C / 100 MPa / 2 h, quench 2000 C/min; then 800 C / 100 MPa / 6 h, cool 12 C/min",published_group_mean_table,IR 8551 Table 3.6; NIST curve panel ht_7_h-eps-converted-to.pdf,"Horizontal (specimen axis Y, perpendicular to BD) test. Specimens: 10 mini-tensile (HT7-h1..HT7-h10) WEDM-machined from one PBF-L block; this row aggregates the condition. Values are the PUBLISHED group means of NIST IR 8551 Table 3.6 (horizontal, n=9): UTS 1008.99 MPa, total elongation 17.15 % (reported +/-1 sigma UTS 7.92 MPa, TE 0.06 %). ef = 0.1715. The published TE mean excludes HT7-h5 (flagged in the deposited Elong.txt). Orientation mapping: the source label is kept in the notes. IR 8551 p61 states the tensile direction is Y for horizontal and Z for vertical tests, and p77 calls the vertical direction the build direction, so v -> 0 deg (axis parallel to BD) and h -> 90 deg (axis perpendicular to BD) on the model convention - the same treatment as sun2024adem. Independent verification (mds2_3402_parsed.md section 4): recomputing UTS from the deposited per-specimen StressStrain.txt curves reproduces the published UTS to <= 0.07 MPa, and each published TE mean is the UNIQUE 10-specimen subset mean (exhaustive 2^10 subset search, 0.01 pct-point tolerance); the 30 published vector curve panels match the deposited curves exactly (26 panels, 0.00 MPa / 0.00000 strain; 4 panels plot 9 of the 10 replicates). Inside the nominal Ti-6Al-4V band (UTS 900-1200 MPa, ef 5-20 %)."
nist_mds2_3402_HT7_v,Ti64,nist_mds2_3402,"NIST Public Data Repository mds2-3402: Derimow, N.; Benzing, J.T.; Moser, N.; Kafka, O.L.; Joress, H.; McDannald, A.; Newton, D.; Koepke, L.; Hrabe, N. Dataset of Additive Manufacturing Laser Powder Bed Fusion Ti-6Al-4V Subjected to Various Novel Hot Isostatic Pressing (HIP) Treatments. National Institute of Standards and Technology. ARK ark:/88434/mds2-3402, doi:10.18434/mds2-3402 (v1.0.0 2024-07-09, v1.0.2 2026-01-06). NIST Open License, public. Accompanying report: NIST IR 8551 (Dec 2024), doi:10.6028/NIST.IR.8551",0,0.1631,1003.47,245,1250,60,"HIP + tempering (SHIP+RQ+T2: super-beta HIP, rapid quench, longer tempering), 1050 C / 100 MPa / 2 h, quench 2000 C/min; then 800 C / 100 MPa / 6 h, cool 12 C/min",published_group_mean_table,IR 8551 Table 3.7; NIST curve panel ht_7_v-eps-converted-to.pdf,"Vertical (specimen axis Z, parallel to BD) test. Specimens: 10 mini-tensile (HT7-v1..HT7-v10) WEDM-machined from one PBF-L block; this row aggregates the condition. Values are the PUBLISHED group means of NIST IR 8551 Table 3.7 (vertical, n=10): UTS 1003.47 MPa, total elongation 16.31 % (reported +/-1 sigma UTS 4.66 MPa, TE 0.03 %). ef = 0.1631. The published TE mean excludes no specimen. Orientation mapping: the source label is kept in the notes. IR 8551 p61 states the tensile direction is Y for horizontal and Z for vertical tests, and p77 calls the vertical direction the build direction, so v -> 0 deg (axis parallel to BD) and h -> 90 deg (axis perpendicular to BD) on the model convention - the same treatment as sun2024adem. Independent verification (mds2_3402_parsed.md section 4): recomputing UTS from the deposited per-specimen StressStrain.txt curves reproduces the published UTS to <= 0.07 MPa, and each published TE mean is the UNIQUE 10-specimen subset mean (exhaustive 2^10 subset search, 0.01 pct-point tolerance); the 30 published vector curve panels match the deposited curves exactly (26 panels, 0.00 MPa / 0.00000 strain; 4 panels plot 9 of the 10 replicates). Inside the nominal Ti-6Al-4V band (UTS 900-1200 MPa, ef 5-20 %)."
nist_mds2_3402_HT8_h,Ti64,nist_mds2_3402,"NIST Public Data Repository mds2-3402: Derimow, N.; Benzing, J.T.; Moser, N.; Kafka, O.L.; Joress, H.; McDannald, A.; Newton, D.; Koepke, L.; Hrabe, N. Dataset of Additive Manufacturing Laser Powder Bed Fusion Ti-6Al-4V Subjected to Various Novel Hot Isostatic Pressing (HIP) Treatments. National Institute of Standards and Technology. ARK ark:/88434/mds2-3402, doi:10.18434/mds2-3402 (v1.0.0 2024-07-09, v1.0.2 2026-01-06). NIST Open License, public. Accompanying report: NIST IR 8551 (Dec 2024), doi:10.6028/NIST.IR.8551",90,0.1704,994.46,245,1250,60,"HIP + tempering (SHIP+RQ+T2+FC: super-beta HIP, rapid quench, longer tempering, fast cooling), 1050 C / 100 MPa / 2 h, quench 2000 C/min; then 800 C / 100 MPa / 6 h, cool 100 C/min",published_group_mean_table,IR 8551 Table 3.6; NIST curve panel ht_8_h-eps-converted-to.pdf,"Horizontal (specimen axis Y, perpendicular to BD) test. Specimens: 10 mini-tensile (HT8-h1..HT8-h10) WEDM-machined from one PBF-L block; this row aggregates the condition. Values are the PUBLISHED group means of NIST IR 8551 Table 3.6 (horizontal, n=10): UTS 994.46 MPa, total elongation 17.04 % (reported +/-1 sigma UTS 6.62 MPa, TE 0.03 %). ef = 0.1704. The published TE mean excludes no specimen. Orientation mapping: the source label is kept in the notes. IR 8551 p61 states the tensile direction is Y for horizontal and Z for vertical tests, and p77 calls the vertical direction the build direction, so v -> 0 deg (axis parallel to BD) and h -> 90 deg (axis perpendicular to BD) on the model convention - the same treatment as sun2024adem. Independent verification (mds2_3402_parsed.md section 4): recomputing UTS from the deposited per-specimen StressStrain.txt curves reproduces the published UTS to <= 0.07 MPa, and each published TE mean is the UNIQUE 10-specimen subset mean (exhaustive 2^10 subset search, 0.01 pct-point tolerance); the 30 published vector curve panels match the deposited curves exactly (26 panels, 0.00 MPa / 0.00000 strain; 4 panels plot 9 of the 10 replicates). Inside the nominal Ti-6Al-4V band (UTS 900-1200 MPa, ef 5-20 %)."
nist_mds2_3402_HT8_v,Ti64,nist_mds2_3402,"NIST Public Data Repository mds2-3402: Derimow, N.; Benzing, J.T.; Moser, N.; Kafka, O.L.; Joress, H.; McDannald, A.; Newton, D.; Koepke, L.; Hrabe, N. Dataset of Additive Manufacturing Laser Powder Bed Fusion Ti-6Al-4V Subjected to Various Novel Hot Isostatic Pressing (HIP) Treatments. National Institute of Standards and Technology. ARK ark:/88434/mds2-3402, doi:10.18434/mds2-3402 (v1.0.0 2024-07-09, v1.0.2 2026-01-06). NIST Open License, public. Accompanying report: NIST IR 8551 (Dec 2024), doi:10.6028/NIST.IR.8551",0,0.1644,989.90,245,1250,60,"HIP + tempering (SHIP+RQ+T2+FC: super-beta HIP, rapid quench, longer tempering, fast cooling), 1050 C / 100 MPa / 2 h, quench 2000 C/min; then 800 C / 100 MPa / 6 h, cool 100 C/min",published_group_mean_table,IR 8551 Table 3.7; NIST curve panel ht_8_v-eps-converted-to.pdf,"Vertical (specimen axis Z, parallel to BD) test. Specimens: 10 mini-tensile (HT8-v1..HT8-v10) WEDM-machined from one PBF-L block; this row aggregates the condition. Values are the PUBLISHED group means of NIST IR 8551 Table 3.7 (vertical, n=10): UTS 989.90 MPa, total elongation 16.44 % (reported +/-1 sigma UTS 6.10 MPa, TE 0.03 %). ef = 0.1644. The published TE mean excludes no specimen. Orientation mapping: the source label is kept in the notes. IR 8551 p61 states the tensile direction is Y for horizontal and Z for vertical tests, and p77 calls the vertical direction the build direction, so v -> 0 deg (axis parallel to BD) and h -> 90 deg (axis perpendicular to BD) on the model convention - the same treatment as sun2024adem. Independent verification (mds2_3402_parsed.md section 4): recomputing UTS from the deposited per-specimen StressStrain.txt curves reproduces the published UTS to <= 0.07 MPa, and each published TE mean is the UNIQUE 10-specimen subset mean (exhaustive 2^10 subset search, 0.01 pct-point tolerance); the 30 published vector curve panels match the deposited curves exactly (26 panels, 0.00 MPa / 0.00000 strain; 4 panels plot 9 of the 10 replicates). Inside the nominal Ti-6Al-4V band (UTS 900-1200 MPa, ef 5-20 %)."
nist_mds2_3402_HT9_h,Ti64,nist_mds2_3402,"NIST Public Data Repository mds2-3402: Derimow, N.; Benzing, J.T.; Moser, N.; Kafka, O.L.; Joress, H.; McDannald, A.; Newton, D.; Koepke, L.; Hrabe, N. Dataset of Additive Manufacturing Laser Powder Bed Fusion Ti-6Al-4V Subjected to Various Novel Hot Isostatic Pressing (HIP) Treatments. National Institute of Standards and Technology. ARK ark:/88434/mds2-3402, doi:10.18434/mds2-3402 (v1.0.0 2024-07-09, v1.0.2 2026-01-06). NIST Open License, public. Accompanying report: NIST IR 8551 (Dec 2024), doi:10.6028/NIST.IR.8551",90,0.3158,1050.39,245,1250,60,"HIP (nsHIP+RQ: new sub-beta HIP with rapid quenching), 800 C / 200 MPa / 2 h, quench 2000 C/min",published_group_mean_table,IR 8551 Table 3.6; NIST curve panel ht_9_h-eps-converted-to.pdf,"Horizontal (specimen axis Y, perpendicular to BD) test. Specimens: 10 mini-tensile (HT9-h1..HT9-h10) WEDM-machined from one PBF-L block; this row aggregates the condition. Values are the PUBLISHED group means of NIST IR 8551 Table 3.6 (horizontal, n=8): UTS 1050.39 MPa, total elongation 31.58 % (reported +/-1 sigma UTS 1.02 MPa, TE 0.15 %). ef = 0.3158. The published TE mean excludes HT9-h10, HT9-h6 (flagged in the deposited Elong.txt). Orientation mapping: the source label is kept in the notes. IR 8551 p61 states the tensile direction is Y for horizontal and Z for vertical tests, and p77 calls the vertical direction the build direction, so v -> 0 deg (axis parallel to BD) and h -> 90 deg (axis perpendicular to BD) on the model convention - the same treatment as sun2024adem. Independent verification (mds2_3402_parsed.md section 4): recomputing UTS from the deposited per-specimen StressStrain.txt curves reproduces the published UTS to <= 0.07 MPa, and each published TE mean is the UNIQUE 10-specimen subset mean (exhaustive 2^10 subset search, 0.01 pct-point tolerance); the 30 published vector curve panels match the deposited curves exactly (26 panels, 0.00 MPa / 0.00000 strain; 4 panels plot 9 of the 10 replicates). FLAGGED, RETAINED: ef 31.58 % is OUTSIDE the nominal 5-20 % band. A published value from the primary source, kept rather than dropped or adjusted; see mds2_3402_parsed.md section 5."
nist_mds2_3402_HT9_v,Ti64,nist_mds2_3402,"NIST Public Data Repository mds2-3402: Derimow, N.; Benzing, J.T.; Moser, N.; Kafka, O.L.; Joress, H.; McDannald, A.; Newton, D.; Koepke, L.; Hrabe, N. Dataset of Additive Manufacturing Laser Powder Bed Fusion Ti-6Al-4V Subjected to Various Novel Hot Isostatic Pressing (HIP) Treatments. National Institute of Standards and Technology. ARK ark:/88434/mds2-3402, doi:10.18434/mds2-3402 (v1.0.0 2024-07-09, v1.0.2 2026-01-06). NIST Open License, public. Accompanying report: NIST IR 8551 (Dec 2024), doi:10.6028/NIST.IR.8551",0,0.2886,1051.60,245,1250,60,"HIP (nsHIP+RQ: new sub-beta HIP with rapid quenching), 800 C / 200 MPa / 2 h, quench 2000 C/min",published_group_mean_table,IR 8551 Table 3.7; NIST curve panel ht_9_v-eps-converted-to.pdf,"Vertical (specimen axis Z, parallel to BD) test. Specimens: 10 mini-tensile (HT9-v1..HT9-v10) WEDM-machined from one PBF-L block; this row aggregates the condition. Values are the PUBLISHED group means of NIST IR 8551 Table 3.7 (vertical, n=9): UTS 1051.60 MPa, total elongation 28.86 % (reported +/-1 sigma UTS 2.12 MPa, TE 0.07 %). ef = 0.2886. The published TE mean excludes HT9-v6 (flagged in the deposited Elong.txt). Orientation mapping: the source label is kept in the notes. IR 8551 p61 states the tensile direction is Y for horizontal and Z for vertical tests, and p77 calls the vertical direction the build direction, so v -> 0 deg (axis parallel to BD) and h -> 90 deg (axis perpendicular to BD) on the model convention - the same treatment as sun2024adem. Independent verification (mds2_3402_parsed.md section 4): recomputing UTS from the deposited per-specimen StressStrain.txt curves reproduces the published UTS to <= 0.07 MPa, and each published TE mean is the UNIQUE 10-specimen subset mean (exhaustive 2^10 subset search, 0.01 pct-point tolerance); the 30 published vector curve panels match the deposited curves exactly (26 panels, 0.00 MPa / 0.00000 strain; 4 panels plot 9 of the 10 replicates). FLAGGED, RETAINED: ef 28.86 % is OUTSIDE the nominal 5-20 % band. A published value from the primary source, kept rather than dropped or adjusted; see mds2_3402_parsed.md section 5."
nist_mds2_3402_HT10_h,Ti64,nist_mds2_3402,"NIST Public Data Repository mds2-3402: Derimow, N.; Benzing, J.T.; Moser, N.; Kafka, O.L.; Joress, H.; McDannald, A.; Newton, D.; Koepke, L.; Hrabe, N. Dataset of Additive Manufacturing Laser Powder Bed Fusion Ti-6Al-4V Subjected to Various Novel Hot Isostatic Pressing (HIP) Treatments. National Institute of Standards and Technology. ARK ark:/88434/mds2-3402, doi:10.18434/mds2-3402 (v1.0.0 2024-07-09, v1.0.2 2026-01-06). NIST Open License, public. Accompanying report: NIST IR 8551 (Dec 2024), doi:10.6028/NIST.IR.8551",90,0.3187,991.86,245,1250,60,"HIP (csHIP+FC: classic sub-beta HIP with fast cooling), 920 C / 100 MPa / 2 h, cool 100 C/min",published_group_mean_table,IR 8551 Table 3.6; NIST curve panel ht_10_h-eps-converted-to.pdf,"Horizontal (specimen axis Y, perpendicular to BD) test. Specimens: 10 mini-tensile (HT10-h1..HT10-h10) WEDM-machined from one PBF-L block; this row aggregates the condition. Values are the PUBLISHED group means of NIST IR 8551 Table 3.6 (horizontal, n=10): UTS 991.86 MPa, total elongation 31.87 % (reported +/-1 sigma UTS 0.68 MPa, TE 0.02 %). ef = 0.3187. The published TE mean excludes no specimen. Orientation mapping: the source label is kept in the notes. IR 8551 p61 states the tensile direction is Y for horizontal and Z for vertical tests, and p77 calls the vertical direction the build direction, so v -> 0 deg (axis parallel to BD) and h -> 90 deg (axis perpendicular to BD) on the model convention - the same treatment as sun2024adem. Independent verification (mds2_3402_parsed.md section 4): recomputing UTS from the deposited per-specimen StressStrain.txt curves reproduces the published UTS to <= 0.07 MPa, and each published TE mean is the UNIQUE 10-specimen subset mean (exhaustive 2^10 subset search, 0.01 pct-point tolerance); the 30 published vector curve panels match the deposited curves exactly (26 panels, 0.00 MPa / 0.00000 strain; 4 panels plot 9 of the 10 replicates). FLAGGED, RETAINED: ef 31.87 % is OUTSIDE the nominal 5-20 % band. A published value from the primary source, kept rather than dropped or adjusted; see mds2_3402_parsed.md section 5."
nist_mds2_3402_HT10_v,Ti64,nist_mds2_3402,"NIST Public Data Repository mds2-3402: Derimow, N.; Benzing, J.T.; Moser, N.; Kafka, O.L.; Joress, H.; McDannald, A.; Newton, D.; Koepke, L.; Hrabe, N. Dataset of Additive Manufacturing Laser Powder Bed Fusion Ti-6Al-4V Subjected to Various Novel Hot Isostatic Pressing (HIP) Treatments. National Institute of Standards and Technology. ARK ark:/88434/mds2-3402, doi:10.18434/mds2-3402 (v1.0.0 2024-07-09, v1.0.2 2026-01-06). NIST Open License, public. Accompanying report: NIST IR 8551 (Dec 2024), doi:10.6028/NIST.IR.8551",0,0.3110,997.07,245,1250,60,"HIP (csHIP+FC: classic sub-beta HIP with fast cooling), 920 C / 100 MPa / 2 h, cool 100 C/min",published_group_mean_table,IR 8551 Table 3.7; NIST curve panel ht_10_v-eps-converted-to.pdf,"Vertical (specimen axis Z, parallel to BD) test. Specimens: 10 mini-tensile (HT10-v1..HT10-v10) WEDM-machined from one PBF-L block; this row aggregates the condition. Values are the PUBLISHED group means of NIST IR 8551 Table 3.7 (vertical, n=10): UTS 997.07 MPa, total elongation 31.10 % (reported +/-1 sigma UTS 1.89 MPa, TE 0.00 %). ef = 0.3110. The published TE mean excludes no specimen. Orientation mapping: the source label is kept in the notes. IR 8551 p61 states the tensile direction is Y for horizontal and Z for vertical tests, and p77 calls the vertical direction the build direction, so v -> 0 deg (axis parallel to BD) and h -> 90 deg (axis perpendicular to BD) on the model convention - the same treatment as sun2024adem. Independent verification (mds2_3402_parsed.md section 4): recomputing UTS from the deposited per-specimen StressStrain.txt curves reproduces the published UTS to <= 0.07 MPa, and each published TE mean is the UNIQUE 10-specimen subset mean (exhaustive 2^10 subset search, 0.01 pct-point tolerance); the 30 published vector curve panels match the deposited curves exactly (26 panels, 0.00 MPa / 0.00000 strain; 4 panels plot 9 of the 10 replicates). FLAGGED, RETAINED: ef 31.10 % is OUTSIDE the nominal 5-20 % band. A published value from the primary source, kept rather than dropped or adjusted; see mds2_3402_parsed.md section 5."
nist_mds2_3402_HT11_h,Ti64,nist_mds2_3402,"NIST Public Data Repository mds2-3402: Derimow, N.; Benzing, J.T.; Moser, N.; Kafka, O.L.; Joress, H.; McDannald, A.; Newton, D.; Koepke, L.; Hrabe, N. Dataset of Additive Manufacturing Laser Powder Bed Fusion Ti-6Al-4V Subjected to Various Novel Hot Isostatic Pressing (HIP) Treatments. National Institute of Standards and Technology. ARK ark:/88434/mds2-3402, doi:10.18434/mds2-3402 (v1.0.0 2024-07-09, v1.0.2 2026-01-06). NIST Open License, public. Accompanying report: NIST IR 8551 (Dec 2024), doi:10.6028/NIST.IR.8551",90,0.3049,1070.03,245,1250,60,"HIP (csHIP+RQ: classic sub-beta HIP with rapid quenching), 920 C / 100 MPa / 2 h, quench 2000 C/min",published_group_mean_table,IR 8551 Table 3.6; NIST curve panel ht_11_h-eps-converted-to.pdf,"Horizontal (specimen axis Y, perpendicular to BD) test. Specimens: 10 mini-tensile (HT11-h1..HT11-h10) WEDM-machined from one PBF-L block; this row aggregates the condition. Values are the PUBLISHED group means of NIST IR 8551 Table 3.6 (horizontal, n=10): UTS 1070.03 MPa, total elongation 30.49 % (reported +/-1 sigma UTS 1.14 MPa, TE 0.02 %). ef = 0.3049. The published TE mean excludes no specimen. Orientation mapping: the source label is kept in the notes. IR 8551 p61 states the tensile direction is Y for horizontal and Z for vertical tests, and p77 calls the vertical direction the build direction, so v -> 0 deg (axis parallel to BD) and h -> 90 deg (axis perpendicular to BD) on the model convention - the same treatment as sun2024adem. Independent verification (mds2_3402_parsed.md section 4): recomputing UTS from the deposited per-specimen StressStrain.txt curves reproduces the published UTS to <= 0.07 MPa, and each published TE mean is the UNIQUE 10-specimen subset mean (exhaustive 2^10 subset search, 0.01 pct-point tolerance); the 30 published vector curve panels match the deposited curves exactly (26 panels, 0.00 MPa / 0.00000 strain; 4 panels plot 9 of the 10 replicates). FLAGGED, RETAINED: ef 30.49 % is OUTSIDE the nominal 5-20 % band. A published value from the primary source, kept rather than dropped or adjusted; see mds2_3402_parsed.md section 5."
nist_mds2_3402_HT11_v,Ti64,nist_mds2_3402,"NIST Public Data Repository mds2-3402: Derimow, N.; Benzing, J.T.; Moser, N.; Kafka, O.L.; Joress, H.; McDannald, A.; Newton, D.; Koepke, L.; Hrabe, N. Dataset of Additive Manufacturing Laser Powder Bed Fusion Ti-6Al-4V Subjected to Various Novel Hot Isostatic Pressing (HIP) Treatments. National Institute of Standards and Technology. ARK ark:/88434/mds2-3402, doi:10.18434/mds2-3402 (v1.0.0 2024-07-09, v1.0.2 2026-01-06). NIST Open License, public. Accompanying report: NIST IR 8551 (Dec 2024), doi:10.6028/NIST.IR.8551",0,0.2743,1077.32,245,1250,60,"HIP (csHIP+RQ: classic sub-beta HIP with rapid quenching), 920 C / 100 MPa / 2 h, quench 2000 C/min",published_group_mean_table,IR 8551 Table 3.7; NIST curve panel ht_11_v-eps-converted-to.pdf,"Vertical (specimen axis Z, parallel to BD) test. Specimens: 10 mini-tensile (HT11-v1..HT11-v10) WEDM-machined from one PBF-L block; this row aggregates the condition. Values are the PUBLISHED group means of NIST IR 8551 Table 3.7 (vertical, n=9): UTS 1077.32 MPa, total elongation 27.43 % (reported +/-1 sigma UTS 3.57 MPa, TE 0.07 %). ef = 0.2743. The published TE mean excludes HT11-v9 (flagged in the deposited Elong.txt). Orientation mapping: the source label is kept in the notes. IR 8551 p61 states the tensile direction is Y for horizontal and Z for vertical tests, and p77 calls the vertical direction the build direction, so v -> 0 deg (axis parallel to BD) and h -> 90 deg (axis perpendicular to BD) on the model convention - the same treatment as sun2024adem. Independent verification (mds2_3402_parsed.md section 4): recomputing UTS from the deposited per-specimen StressStrain.txt curves reproduces the published UTS to <= 0.07 MPa, and each published TE mean is the UNIQUE 10-specimen subset mean (exhaustive 2^10 subset search, 0.01 pct-point tolerance); the 30 published vector curve panels match the deposited curves exactly (26 panels, 0.00 MPa / 0.00000 strain; 4 panels plot 9 of the 10 replicates). FLAGGED, RETAINED: ef 27.43 % is OUTSIDE the nominal 5-20 % band. A published value from the primary source, kept rather than dropped or adjusted; see mds2_3402_parsed.md section 5."
nist_mds2_3402_HT12_h,Ti64,nist_mds2_3402,"NIST Public Data Repository mds2-3402: Derimow, N.; Benzing, J.T.; Moser, N.; Kafka, O.L.; Joress, H.; McDannald, A.; Newton, D.; Koepke, L.; Hrabe, N. Dataset of Additive Manufacturing Laser Powder Bed Fusion Ti-6Al-4V Subjected to Various Novel Hot Isostatic Pressing (HIP) Treatments. National Institute of Standards and Technology. ARK ark:/88434/mds2-3402, doi:10.18434/mds2-3402 (v1.0.0 2024-07-09, v1.0.2 2026-01-06). NIST Open License, public. Accompanying report: NIST IR 8551 (Dec 2024), doi:10.6028/NIST.IR.8551",90,0.0927,1035.62,245,1250,60,"HIP (SHIP+RQ: super-beta HIP with rapid quenching), 1050 C / 100 MPa / 2 h, quench 2000 C/min (no tempering step)",published_group_mean_table,IR 8551 Table 3.6; NIST curve panel ht_12_h-eps-converted-to.pdf,"Horizontal (specimen axis Y, perpendicular to BD) test. Specimens: 10 mini-tensile (HT12-h1..HT12-h10) WEDM-machined from one PBF-L block; this row aggregates the condition. Values are the PUBLISHED group means of NIST IR 8551 Table 3.6 (horizontal, n=9): UTS 1035.62 MPa, total elongation 9.27 % (reported +/-1 sigma UTS 8.60 MPa, TE 0.04 %). ef = 0.0927. The published TE mean excludes HT12-h9 (flagged in the deposited Elong.txt). Orientation mapping: the source label is kept in the notes. IR 8551 p61 states the tensile direction is Y for horizontal and Z for vertical tests, and p77 calls the vertical direction the build direction, so v -> 0 deg (axis parallel to BD) and h -> 90 deg (axis perpendicular to BD) on the model convention - the same treatment as sun2024adem. Independent verification (mds2_3402_parsed.md section 4): recomputing UTS from the deposited per-specimen StressStrain.txt curves reproduces the published UTS to <= 0.07 MPa, and each published TE mean is the UNIQUE 10-specimen subset mean (exhaustive 2^10 subset search, 0.01 pct-point tolerance); the 30 published vector curve panels match the deposited curves exactly (26 panels, 0.00 MPa / 0.00000 strain; 4 panels plot 9 of the 10 replicates). Inside the nominal Ti-6Al-4V band (UTS 900-1200 MPa, ef 5-20 %)."
nist_mds2_3402_HT12_v,Ti64,nist_mds2_3402,"NIST Public Data Repository mds2-3402: Derimow, N.; Benzing, J.T.; Moser, N.; Kafka, O.L.; Joress, H.; McDannald, A.; Newton, D.; Koepke, L.; Hrabe, N. Dataset of Additive Manufacturing Laser Powder Bed Fusion Ti-6Al-4V Subjected to Various Novel Hot Isostatic Pressing (HIP) Treatments. National Institute of Standards and Technology. ARK ark:/88434/mds2-3402, doi:10.18434/mds2-3402 (v1.0.0 2024-07-09, v1.0.2 2026-01-06). NIST Open License, public. Accompanying report: NIST IR 8551 (Dec 2024), doi:10.6028/NIST.IR.8551",0,0.1014,1019.73,245,1250,60,"HIP (SHIP+RQ: super-beta HIP with rapid quenching), 1050 C / 100 MPa / 2 h, quench 2000 C/min (no tempering step)",published_group_mean_table,IR 8551 Table 3.7; NIST curve panel ht_12_v-eps-converted-to.pdf,"Vertical (specimen axis Z, parallel to BD) test. Specimens: 10 mini-tensile (HT12-v1..HT12-v10) WEDM-machined from one PBF-L block; this row aggregates the condition. Values are the PUBLISHED group means of NIST IR 8551 Table 3.7 (vertical, n=10): UTS 1019.73 MPa, total elongation 10.14 % (reported +/-1 sigma UTS 7.35 MPa, TE 0.01 %). ef = 0.1014. The published TE mean excludes no specimen. Orientation mapping: the source label is kept in the notes. IR 8551 p61 states the tensile direction is Y for horizontal and Z for vertical tests, and p77 calls the vertical direction the build direction, so v -> 0 deg (axis parallel to BD) and h -> 90 deg (axis perpendicular to BD) on the model convention - the same treatment as sun2024adem. Independent verification (mds2_3402_parsed.md section 4): recomputing UTS from the deposited per-specimen StressStrain.txt curves reproduces the published UTS to <= 0.07 MPa, and each published TE mean is the UNIQUE 10-specimen subset mean (exhaustive 2^10 subset search, 0.01 pct-point tolerance); the 30 published vector curve panels match the deposited curves exactly (26 panels, 0.00 MPa / 0.00000 strain; 4 panels plot 9 of the 10 replicates). Inside the nominal Ti-6Al-4V band (UTS 900-1200 MPa, ef 5-20 %)."
nist_mds2_3402_HT13_h,Ti64,nist_mds2_3402,"NIST Public Data Repository mds2-3402: Derimow, N.; Benzing, J.T.; Moser, N.; Kafka, O.L.; Joress, H.; McDannald, A.; Newton, D.; Koepke, L.; Hrabe, N. Dataset of Additive Manufacturing Laser Powder Bed Fusion Ti-6Al-4V Subjected to Various Novel Hot Isostatic Pressing (HIP) Treatments. National Institute of Standards and Technology. ARK ark:/88434/mds2-3402, doi:10.18434/mds2-3402 (v1.0.0 2024-07-09, v1.0.2 2026-01-06). NIST Open License, public. Accompanying report: NIST IR 8551 (Dec 2024), doi:10.6028/NIST.IR.8551",90,0.2037,906.94,245,1250,60,"HIP (SHIP: super-beta HIP with slow cooling), 1050 C / 100 MPa / 2 h, cool 12 C/min",published_group_mean_table,IR 8551 Table 3.6; NIST curve panel ht_13_h-eps-converted-to.pdf,"Horizontal (specimen axis Y, perpendicular to BD) test. Specimens: 10 mini-tensile (HT13-h1..HT13-h10) WEDM-machined from one PBF-L block; this row aggregates the condition. Values are the PUBLISHED group means of NIST IR 8551 Table 3.6 (horizontal, n=9): UTS 906.94 MPa, total elongation 20.37 % (reported +/-1 sigma UTS 3.59 MPa, TE 0.07 %). ef = 0.2037. The published TE mean excludes HT13-h2 (flagged in the deposited Elong.txt). Orientation mapping: the source label is kept in the notes. IR 8551 p61 states the tensile direction is Y for horizontal and Z for vertical tests, and p77 calls the vertical direction the build direction, so v -> 0 deg (axis parallel to BD) and h -> 90 deg (axis perpendicular to BD) on the model convention - the same treatment as sun2024adem. Independent verification (mds2_3402_parsed.md section 4): recomputing UTS from the deposited per-specimen StressStrain.txt curves reproduces the published UTS to <= 0.07 MPa, and each published TE mean is the UNIQUE 10-specimen subset mean (exhaustive 2^10 subset search, 0.01 pct-point tolerance); the 30 published vector curve panels match the deposited curves exactly (26 panels, 0.00 MPa / 0.00000 strain; 4 panels plot 9 of the 10 replicates). FLAGGED, RETAINED: ef 20.37 % is OUTSIDE the nominal 5-20 % band. A published value from the primary source, kept rather than dropped or adjusted; see mds2_3402_parsed.md section 5."
nist_mds2_3402_HT13_v,Ti64,nist_mds2_3402,"NIST Public Data Repository mds2-3402: Derimow, N.; Benzing, J.T.; Moser, N.; Kafka, O.L.; Joress, H.; McDannald, A.; Newton, D.; Koepke, L.; Hrabe, N. Dataset of Additive Manufacturing Laser Powder Bed Fusion Ti-6Al-4V Subjected to Various Novel Hot Isostatic Pressing (HIP) Treatments. National Institute of Standards and Technology. ARK ark:/88434/mds2-3402, doi:10.18434/mds2-3402 (v1.0.0 2024-07-09, v1.0.2 2026-01-06). NIST Open License, public. Accompanying report: NIST IR 8551 (Dec 2024), doi:10.6028/NIST.IR.8551",0,0.2086,892.08,245,1250,60,"HIP (SHIP: super-beta HIP with slow cooling), 1050 C / 100 MPa / 2 h, cool 12 C/min",published_group_mean_table,IR 8551 Table 3.7; NIST curve panel ht_13_v-eps-converted-to.pdf,"Vertical (specimen axis Z, parallel to BD) test. Specimens: 10 mini-tensile (HT13-v1..HT13-v10) WEDM-machined from one PBF-L block; this row aggregates the condition. Values are the PUBLISHED group means of NIST IR 8551 Table 3.7 (vertical, n=10): UTS 892.08 MPa, total elongation 20.86 % (reported +/-1 sigma UTS 5.68 MPa, TE 0.02 %). ef = 0.2086. The published TE mean excludes no specimen. Orientation mapping: the source label is kept in the notes. IR 8551 p61 states the tensile direction is Y for horizontal and Z for vertical tests, and p77 calls the vertical direction the build direction, so v -> 0 deg (axis parallel to BD) and h -> 90 deg (axis perpendicular to BD) on the model convention - the same treatment as sun2024adem. Independent verification (mds2_3402_parsed.md section 4): recomputing UTS from the deposited per-specimen StressStrain.txt curves reproduces the published UTS to <= 0.07 MPa, and each published TE mean is the UNIQUE 10-specimen subset mean (exhaustive 2^10 subset search, 0.01 pct-point tolerance); the 30 published vector curve panels match the deposited curves exactly (26 panels, 0.00 MPa / 0.00000 strain; 4 panels plot 9 of the 10 replicates). FLAGGED, RETAINED: UTS 892.1 MPa is OUTSIDE the nominal Ti-6Al-4V band 900-1200 MPa; ef 20.86 % is OUTSIDE the nominal 5-20 % band. A published value from the primary source, kept rather than dropped or adjusted; see mds2_3402_parsed.md section 5."
nist_mds2_3402_HT14_h,Ti64,nist_mds2_3402,"NIST Public Data Repository mds2-3402: Derimow, N.; Benzing, J.T.; Moser, N.; Kafka, O.L.; Joress, H.; McDannald, A.; Newton, D.; Koepke, L.; Hrabe, N. Dataset of Additive Manufacturing Laser Powder Bed Fusion Ti-6Al-4V Subjected to Various Novel Hot Isostatic Pressing (HIP) Treatments. National Institute of Standards and Technology. ARK ark:/88434/mds2-3402, doi:10.18434/mds2-3402 (v1.0.0 2024-07-09, v1.0.2 2026-01-06). NIST Open License, public. Accompanying report: NIST IR 8551 (Dec 2024), doi:10.6028/NIST.IR.8551",90,0.1780,961.53,245,1250,60,"HIP + tempering (SHIP+RQ+T3+FC: super-beta HIP, rapid quench, higher tempering temperature T3, fast cooling), 1050 C / 100 MPa / 2 h, quench 2000 C/min; then 920 C / 100 MPa / 2 h, cool 100 C/min",published_group_mean_table,IR 8551 Table 3.6; NIST curve panel ht_14_h-eps-converted-to.pdf,"Horizontal (specimen axis Y, perpendicular to BD) test. Specimens: 10 mini-tensile (HT14-h1..HT14-h10) WEDM-machined from one PBF-L block; this row aggregates the condition. Values are the PUBLISHED group means of NIST IR 8551 Table 3.6 (horizontal, n=10): UTS 961.53 MPa, total elongation 17.80 % (reported +/-1 sigma UTS 2.68 MPa, TE 0.02 %). ef = 0.1780. The published TE mean excludes no specimen. Orientation mapping: the source label is kept in the notes. IR 8551 p61 states the tensile direction is Y for horizontal and Z for vertical tests, and p77 calls the vertical direction the build direction, so v -> 0 deg (axis parallel to BD) and h -> 90 deg (axis perpendicular to BD) on the model convention - the same treatment as sun2024adem. Independent verification (mds2_3402_parsed.md section 4): recomputing UTS from the deposited per-specimen StressStrain.txt curves reproduces the published UTS to <= 0.07 MPa, and each published TE mean is the UNIQUE 10-specimen subset mean (exhaustive 2^10 subset search, 0.01 pct-point tolerance); the 30 published vector curve panels match the deposited curves exactly (26 panels, 0.00 MPa / 0.00000 strain; 4 panels plot 9 of the 10 replicates). Inside the nominal Ti-6Al-4V band (UTS 900-1200 MPa, ef 5-20 %)."
nist_mds2_3402_HT14_v,Ti64,nist_mds2_3402,"NIST Public Data Repository mds2-3402: Derimow, N.; Benzing, J.T.; Moser, N.; Kafka, O.L.; Joress, H.; McDannald, A.; Newton, D.; Koepke, L.; Hrabe, N. Dataset of Additive Manufacturing Laser Powder Bed Fusion Ti-6Al-4V Subjected to Various Novel Hot Isostatic Pressing (HIP) Treatments. National Institute of Standards and Technology. ARK ark:/88434/mds2-3402, doi:10.18434/mds2-3402 (v1.0.0 2024-07-09, v1.0.2 2026-01-06). NIST Open License, public. Accompanying report: NIST IR 8551 (Dec 2024), doi:10.6028/NIST.IR.8551",0,0.1768,949.69,245,1250,60,"HIP + tempering (SHIP+RQ+T3+FC: super-beta HIP, rapid quench, higher tempering temperature T3, fast cooling), 1050 C / 100 MPa / 2 h, quench 2000 C/min; then 920 C / 100 MPa / 2 h, cool 100 C/min",published_group_mean_table,IR 8551 Table 3.7; NIST curve panel ht_14_v-eps-converted-to.pdf,"Vertical (specimen axis Z, parallel to BD) test. Specimens: 10 mini-tensile (HT14-v1..HT14-v10) WEDM-machined from one PBF-L block; this row aggregates the condition. Values are the PUBLISHED group means of NIST IR 8551 Table 3.7 (vertical, n=10): UTS 949.69 MPa, total elongation 17.68 % (reported +/-1 sigma UTS 5.78 MPa, TE 0.02 %). ef = 0.1768. The published TE mean excludes no specimen. Orientation mapping: the source label is kept in the notes. IR 8551 p61 states the tensile direction is Y for horizontal and Z for vertical tests, and p77 calls the vertical direction the build direction, so v -> 0 deg (axis parallel to BD) and h -> 90 deg (axis perpendicular to BD) on the model convention - the same treatment as sun2024adem. Independent verification (mds2_3402_parsed.md section 4): recomputing UTS from the deposited per-specimen StressStrain.txt curves reproduces the published UTS to <= 0.07 MPa, and each published TE mean is the UNIQUE 10-specimen subset mean (exhaustive 2^10 subset search, 0.01 pct-point tolerance); the 30 published vector curve panels match the deposited curves exactly (26 panels, 0.00 MPa / 0.00000 strain; 4 panels plot 9 of the 10 replicates). The published UTS mean also excludes HT14-v5, HT14-v6. NOTE ON THE LAST DIGIT: the deposited 8-specimen subset (all specimens but HT14-v5 and HT14-v6) reproduces a mean of 949.6792 MPa, which rounds to 949.68, while the value printed in IR 8551 p63 is 949.69 +/- 5.78. The printed value is the one carried here; the two agree to 0.01 MPa and the paired TE, 17.68 %, is identical in every route. Inside the nominal Ti-6Al-4V band (UTS 900-1200 MPa, ef 5-20 %)."
