eps_11, sigma_11_MPa
0.000000 0.000000
0.000500 36573769.906717
0.001000 71557179.308164
0.001500 106200525.027192
0.002000 141782331.383352
0.002500 176353216.623425
0.003000 211660175.521438
0.003500 242154565.048840
0.004000 259289077.372959
0.004500 269600758.462088
0.005000 278132139.630481
0.005500 285994437.609308
0.006000 293430306.360841
0.006500 300278935.190170
0.007000 306241301.771636
0.007500 311321757.036409
0.008000 315703373.685608
0.008500 319618688.588690
0.009000 323268300.070988
0.009500 326719556.499673
0.010000 331332963.616564
0.010500 333002007.771893
0.011000 334820420.634851
0.011500 337735644.607243
0.012000 337992259.667542
0.012500 340164634.279504
0.013000 340032322.397114
0.013500 341872563.744188
0.014000 341629321.474980
0.014500 343255772.691950
0.015000 344375440.689753
0.015500 343732513.472727
0.016000 345068808.965360
0.016500 346005970.277857
0.017000 346713347.070478
0.017500 347295001.742336
0.018000 347808014.578778
0.018500 348283058.990727
0.019000 348736521.126893
0.019500 349177188.013085
0.020000 349609865.054947
0.020500 350037298.014941
0.021000 350461166.726096
0.021500 350882579.384095
0.022000 351302308.838082
0.022500 351720904.465074
0.023000 352138749.171805
0.023500 352556093.998179
0.024000 352973083.268819
0.024500 353389774.430872
0.025000 353806153.595945
0.025500 354222147.176364
0.026000 356078194.999041
0.026500 355820024.035205
0.027000 355866709.725825
0.027500 356086857.121680
0.028000 357726434.681285
0.028500 357462944.657220
0.029000 357505061.782194
0.029500 358995832.386162
0.030000 358701886.071270
0.030500 360102984.767816
0.031000 359658246.561104
0.031500 360968135.142585
0.032000 360482089.747326
0.032500 361704766.430380
0.033000 361233813.613848
0.033500 362373574.465790
0.034000 361946039.454726
0.034500 363006952.869335
0.035000 364066849.336784
0.035500 363371564.297966
0.036000 364320228.413167
0.036500 365270144.596460
0.037000 364533180.730828
0.037500 365375879.649486
0.038000 366219204.645027
0.038500 365557207.889756
0.039000 366300449.152727
0.039500 367041664.558321
0.040000 367760180.544273
0.040500 368452579.304820
0.041000 367597129.935314
0.041500 368183312.283904
0.042000 368768198.283024
0.042500 369330605.774413
0.043000 369867049.412137
0.043500 370376690.787140
0.044000 370859295.135963
0.044500 371314796.834693
0.045000 371743183.833764
0.045500 372144462.652108
0.046000 372518646.660345
0.046500 372865751.800370
0.047000 373185794.896696
0.047500 373478792.949544
0.048000 373744762.829473
0.048500 373983721.148816
0.049000 374195684.215745
0.049500 374380668.028636
0.050000 374538688.291154
0.050500 374669760.437819
0.051000 374773899.664412
0.051500 374851120.961039
0.052000 374901439.145347
0.052500 374924868.895442
0.053000 374921424.781493
0.053500 374891121.295407
0.054000 374833972.878604
0.054500 374749993.947297
0.055000 374639198.914987
0.055500 374501602.212291
0.056000 374337218.303457
0.056500 375869388.092264
0.057000 375708404.973247
0.057500 375488483.780907
0.058000 376955648.591407
0.058500 376731336.602274
0.059000 377927758.229949
0.059500 377659648.704252
0.060000 377335281.641116
0.060500 378720446.576568
0.061000 378392610.618376
0.061500 379591866.908538
0.062000 379222857.393094
0.062500 380341470.459811
0.063000 379931716.454529
0.063500 381026218.895741
0.064000 380577072.852269
0.064500 381676397.319394
0.065000 381188888.179697
0.065500 382307654.043007
0.066000 381782554.236671
0.066500 382928034.900740
0.067000 382365963.126870
0.067500 383541673.969877
0.068000 382943158.504145
0.068500 384150697.856082
0.069000 383516211.728938
0.069500 384756204.269377
0.070000 385569487.623929
0.070500 384881396.115846
0.071000 385925891.484422
0.071500 385198919.037136
0.072000 386394539.337942
0.072500 387183346.124322
0.073000 386406467.795775
0.073500 387477076.366357
0.074000 388198955.761025
0.074500 387368533.938565
0.075000 388428423.098996
0.075500 389144058.678393
0.076000 388262388.314878
0.076500 389341420.838264
0.077000 390066569.717543
0.077500 389134868.803149
0.078000 390240528.491569
0.078500 390979137.071021
0.079000 391510375.681292
0.079500 390509290.433607
0.080000 391545077.608103
0.080500 392246018.826198
0.081000 392756609.619372
0.081500 393167059.175026
0.082000 392081556.385018
0.082500 393093258.685928
0.083000 393780558.181634
0.083500 394282637.105993
0.084000 394687223.182064
0.084500 395041270.564861
0.085000 395369133.840288
0.085500 395683327.132616
0.086000 395990258.384394
0.086500 396293205.244156
0.087000 396593844.723095
0.087500 396893036.245386
0.088000 397191221.756035
0.088500 397488630.000181
0.089000 397785380.799367
0.089500 398081538.290042
0.090000 398377138.115944
0.090500 398672201.326842
0.091000 398966741.488813
0.091500 399260768.325804
0.092000 399554289.587061
0.092500 399847312.006381
0.093000 400139841.795649
0.093500 400431884.898924
0.094000 400723447.123487
0.094500 401014534.207092
0.095000 401305151.852437
0.095500 401595305.744108
0.096000 401885001.556970
0.096500 402174244.959470
0.097000 402463041.614576
0.097500 402751397.179434
0.098000 403039317.304424
0.098500 403326807.631673
0.099000 403613873.793665
0.099500 403900521.411628
0.100000 404186756.094163
0.100500 404472583.435809
0.101000 404758009.015800
0.101500 405043038.396842
0.102000 405327677.124167
0.102500 405611930.724588
0.103000 405895804.705821
0.103500 406179304.555804
0.104000 406462435.741998
0.104500 406745203.711336
0.105000 407027613.889532
0.105500 407309671.681188
0.106000 407591382.469379
0.106500 407872751.615577
0.107000 408153784.459641
0.107500 408434486.319606
0.108000 408714862.491633
0.108500 408994918.249740
0.109000 409274658.845793
0.109500 409554089.508878
0.110000 409833215.445001
0.110500 410112041.836283
0.111000 410390573.840400
0.111500 410668816.589162
0.112000 410946775.187302
0.112500 411224454.710812
0.113000 411501860.204788
0.113500 411778996.680978
0.114000 412055869.114903
0.114500 412332482.442263
0.115000 412608841.555138
0.115500 412884951.297095
0.116000 413160816.457984
0.116500 413436441.767725
0.117000 413711831.889587
0.117500 413986991.412176
0.118000 414261924.840789
0.118500 414536636.587715
0.119000 414811130.961316
0.119500 415085412.154017
0.120000 415359484.229200
0.120500 415633351.106680
0.121000 415907016.547098
0.121500 416180484.134733
0.122000 416453757.259196
0.122500 416726839.095743
0.123000 416999732.584215
0.123500 417272440.407012
0.124000 417544964.965843
0.124500 417817308.357484
0.125000 418089472.349078
0.125500 418361458.352920
0.126000 418633267.401484
0.126500 418904900.122579
0.127000 419176356.715798
0.127500 419447636.930746
0.128000 419718740.047412
0.128500 419989664.860008
0.129000 420260409.664919
0.129500 420530972.253684
0.130000 420801349.911894
0.130500 421071539.424878
0.131000 421341537.090842
0.131500 421611338.741812
0.132000 421880939.772123
0.132500 422150335.174153
0.133000 422419519.579773
0.133500 422688487.304602
0.134000 422957232.392279
0.134500 423225748.652323
0.135000 423494029.685991
0.135500 423762068.889662
0.136000 424029859.426337
0.136500 424297394.152402
0.137000 424564665.488771
0.137500 424831665.227477
0.138000 425098384.277145
0.138500 425364812.370436
0.139000 425630937.794547
0.139500 425896747.256321
0.140000 426162226.042451
0.140500 426427358.634391
0.141000 426692129.822538
0.141500 426956526.110524
0.142000 427220536.918468
0.142500 427484155.031473
0.143000 427747376.039451
0.143500 428010197.011120
0.144000 428272614.961225
0.144500 428534625.626058
0.145000 428796222.788996
0.145500 429057398.136332
0.146000 429318141.520139
0.146500 429578441.577747
0.147000 429838286.933854
0.147500 430097668.839304
0.148000 430356587.648901
0.148500 430615069.598841
0.149000 430873210.037914
0.149500 431131272.019978
0.150000 431389827.090072
